\c os_db;

-- 100 clients
INSERT INTO client (client_name, created_at, email, recency, clv, avg_monthly_spend, avg_lifespan) VALUES 
('McKesson', '2023-10-26 14:29:42.422258', 'dtriuk@xjq.com', '2023-10-30 14:29:42.422297', 18099.22, 593.51, 12), ('Chevron', '2023-05-20 14:29:42.422321', 'xsbwuv@rbh.com', '2023-04-10 14:29:42.422344', 15812.6, 2649.19, 9), ('AmerisourceBergen', '2023-12-12 14:29:42.422355', 'caubtt@vei.com', '2023-02-09 14:29:42.422365', 18275.37, 4039.63, 7), ('Alphabet', '2023-11-14 14:29:42.422374', 'rppcgt@qyi.com', '2023-09-01 14:29:42.422383', 19299.37, 1176.2, 1), ('Ford Motor', '2023-11-07 14:29:42.422392', 'oxqfzr@hly.com', '2023-04-05 14:29:42.422401', 15916.21, 2934.78, 1), ('Walmart', '2023-04-07 14:29:42.422410', 'khnxwb@axv.com', '2023-04-12 14:29:42.422420', 14196.28, 4130.6, 8), ('Amazon', '2023-09-24 14:29:42.422428', 'wnfako@aci.com', '2023-05-15 14:29:42.422437', 18064.21, 3048.83, 11), ('Amazon', '2023-06-13 14:29:42.422446', 'rnhvlh@vps.com', '2023-07-08 14:29:42.422455', 14041.35, 4725.16, 5), ('Alphabet', '2023-10-26 14:29:42.422463', 'szpmje@ojv.com', '2023-02-01 14:29:42.422472', 6782.55, 4577.41, 10), ('China National Petroleum', '2023-06-27 14:29:42.422481', 'ihzzav@xyx.com', '2023-09-09 14:29:42.422490', 13200.2, 2895.58, 14), ('Amazon', '2023-10-04 14:29:42.422499', 'eiavhl@zcz.com', '2023-03-13 14:29:42.422508', 14375.6, 874.55, 19), ('Sinopec Group', '2023-03-09 14:29:42.422516', 'sbihhb@mtr.com', '2023-09-19 14:29:42.422525', 17607.13, 3292.02, 13), ('China National Petroleum', '2023-06-02 14:29:42.422532', 'znrsxu@voq.com', '2023-02-17 14:29:42.422541', 9222.71, 866.31, 9), ('Ford Motor', '2023-10-30 14:29:42.424287', 'gkoqli@swl.com', '2023-04-15 14:29:42.424309', 15759.84, 3347.7, 4), ('Walmart', '2023-08-09 14:29:42.424319', 'nxosxm@zml.com', '2023-05-30 14:29:42.424328', 11113.14, 4314.62, 18), ('China National Petroleum', '2023-11-06 14:29:42.424337', 'eblmqk@dei.com', '2023-08-16 14:29:42.424346', 6971.25, 702.72, 18), ('Toyota Motor', '2023-12-03 14:29:42.424355', 'pababp@hfk.com', '2023-04-16 14:29:42.424364', 17863.86, 1386.38, 20), ('Walmart', '2023-06-22 14:29:42.424372', 'awarny@fsa.com', '2023-10-31 14:29:42.424381', 16993.44, 1593.5, 7), ('Chevron', '2023-11-14 14:29:42.424389', 'elymfv@iqg.com', '2023-06-10 14:29:42.424399', 18165.03, 2248.28, 17), ('UnitedHealth Group', '2023-02-17 14:29:42.424408', 'axjlkz@ciy.com', '2023-03-16 14:29:42.424418', 11387.11, 3268.71, 18), ('Alphabet', '2023-10-09 14:29:42.424427', 'xdfpla@lzb.com', '2023-05-05 14:29:42.424436', 5221.71, 1944.33, 13), ('Volkswagen', '2023-01-03 14:29:42.424444', 'wuokoz@ksx.com', '2023-08-31 14:29:42.424455', 18640.08, 2591.57, 1), ('Amazon', '2023-09-10 14:29:42.424465', 'lqixnl@hfw.com', '2023-01-01 14:29:42.424475', 9532.4, 2140.18, 20), ('Ping An Insurance', '2023-01-19 14:29:42.424484', 'frwsua@fxl.com', '2023-06-17 14:29:42.424493', 6958.56, 563.09, 11), ('Costco Wholesale', '2023-12-17 14:29:42.424502', 'oqjvwv@lsz.com', '2023-05-23 14:29:42.424511', 8236.77, 1197.44, 7), ('China National Petroleum', '2023-04-16 14:29:42.424520', 'lsaapm@gtu.com', '2023-09-04 14:29:42.424530', 16716.13, 1865.83, 12), ('AmerisourceBergen', '2023-02-16 14:29:42.424538', 'ypydxe@nnv.com', '2023-02-07 14:29:42.424548', 9044.85, 1978.09, 8), ('State Grid', '2023-09-23 14:29:42.424556', 'iqxmxr@yck.com', '2023-02-24 14:29:42.424565', 15347.59, 3277.16, 4), ('Toyota Motor', '2023-03-06 14:29:42.424574', 'odjlgy@nxp.com', '2023-05-08 14:29:42.424583', 6732.34, 1219.18, 16), ('Cigna', '2023-05-25 14:29:42.424592', 'fijbwr@cli.com', '2023-11-16 14:29:42.424601', 12534.32, 2642.26, 19), ('Ping An Insurance', '2023-11-24 14:29:42.424610', 'hugsix@kcr.com', '2023-04-14 14:29:42.424619', 11343.9, 2655.18, 2), ('Ford Motor', '2023-02-07 14:29:42.424626', 'usccjn@ywg.com', '2023-01-09 14:29:42.424636', 19533.18, 2864.94, 7), ('Amazon', '2023-02-28 14:29:42.424644', 'fadume@kgl.com', '2023-04-15 14:29:42.424653', 13889.28, 2844.42, 7), ('Ford Motor', '2023-03-02 14:29:42.424661', 'hwipoy@beo.com', '2023-09-05 14:29:42.424671', 13899.23, 3525.61, 6), ('Ping An Insurance', '2023-08-06 14:29:42.424680', 'xbzfye@ngz.com', '2023-11-04 14:29:42.424689', 7704.04, 2802.36, 8), ('Costco Wholesale', '2023-02-25 14:29:42.424697', 'grrvnj@mbr.com', '2023-09-16 14:29:42.424706', 12404.59, 4903.32, 8), ('China National Petroleum', '2023-03-14 14:29:42.424715', 'xyrrsd@sbd.com', '2023-03-08 14:29:42.424724', 13160.12, 2328.88, 1), ('UnitedHealth Group', '2023-07-18 14:29:42.424732', 'gadnxs@yzb.com', '2023-11-28 14:29:42.424741', 7906.02, 2723.03, 5), ('Ford Motor', '2023-01-21 14:29:42.424750', 'ibrdrg@rnp.com', '2023-10-09 14:29:42.424759', 11283.79, 2359.59, 14), ('UnitedHealth Group', '2023-04-15 14:29:42.424767', 'emlqka@xuv.com', '2023-09-04 14:29:42.424776', 10595.01, 1878.89, 18), ('Ping An Insurance', '2023-07-20 14:29:42.424784', 'qmbton@ovn.com', '2023-10-25 14:29:42.424794', 16196.8, 1141.06, 5), ('AmerisourceBergen', '2023-05-04 14:29:42.424803', 'ocpggu@gev.com', '2023-09-04 14:29:42.424813', 19112.42, 2070.82, 13), ('Volkswagen', '2023-03-21 14:29:42.424822', 'rmhtyd@ted.com', '2023-07-02 14:29:42.424832', 12392.47, 4593.85, 1), ('UnitedHealth Group', '2023-08-27 14:29:42.424840', 'dltgwm@zve.com', '2023-10-18 14:29:42.424851', 17038.55, 822.74, 1), ('Toyota Motor', '2023-05-02 14:29:42.424859', 'qzbmcg@zic.com', '2023-03-08 14:29:42.424868', 5125.53, 1951.45, 4), ('CVS Health', '2023-09-13 14:29:42.424876', 'ssbfrb@wpq.com', '2023-04-14 14:29:42.424885', 9048.3, 906.36, 18), ('Volkswagen', '2023-10-02 14:29:42.424893', 'llbubq@gay.com', '2023-04-30 14:29:42.424903', 6244.26, 4044.51, 17), ('Cigna', '2023-02-12 14:29:42.424912', 'rxqpoa@lex.com', '2023-10-16 14:29:42.424922', 12947.22, 1932.1, 4), ('Sinopec Group', '2023-10-08 14:29:42.424930', 'zabyfm@smk.com', '2023-07-02 14:29:42.424939', 5468.96, 2843.64, 1), ('Amazon', '2023-06-22 14:29:42.424947', 'iggruy@yfz.com', '2023-02-26 14:29:42.424956', 17085.44, 4695.51, 16), ('Berkshire Hathaway', '2023-12-06 14:29:42.424965', 'hrlqtf@nwz.com', '2023-04-25 14:29:42.424974', 15918.71, 2793.79, 20), ('AmerisourceBergen', '2023-11-15 14:29:42.424982', 'nsuwmd@rbz.com', '2023-11-24 14:29:42.424991', 9618.26, 3602.07, 12), ('CVS Health', '2023-05-26 14:29:42.424999', 'hyjhql@cdd.com', '2023-07-16 14:29:42.425008', 12737.72, 4754.1, 2), ('McKesson', '2023-05-24 14:29:42.425017', 'kkwwch@cof.com', '2023-12-13 14:29:42.425025', 19007.12, 4209.43, 15), ('McKesson', '2023-01-01 14:29:42.425034', 'vymmfj@bbb.com', '2023-10-21 14:29:42.425043', 18268.47, 1645.29, 4), ('State Grid', '2023-02-16 14:29:42.425051', 'grjvmh@ztw.com', '2023-07-08 14:29:42.425061', 9345.65, 2713.06, 20), ('Sinopec Group', '2023-04-22 14:29:42.425070', 'eoozvx@beb.com', '2023-12-12 14:29:42.425078', 14437.76, 3248.26, 15), ('Volkswagen', '2023-08-18 14:29:42.425087', 'soexwq@csi.com', '2023-08-11 14:29:42.425096', 19624.83, 1247.86, 7), ('Sinopec Group', '2022-12-31 14:29:42.425104', 'pnduxl@svz.com', '2023-11-10 14:29:42.425113', 6200.93, 3336.38, 16), ('Apple', '2023-03-02 14:29:42.425123', 'tmbnzg@qnu.com', '2023-10-27 14:29:42.425132', 15593.01, 3647.5, 5), ('Amazon', '2023-03-05 14:29:42.425140', 'eufrea@ilg.com', '2023-05-20 14:29:42.425149', 19624.36, 1468.1, 2), ('China National Petroleum', '2023-02-12 14:29:42.425158', 'kwdejf@tan.com', '2023-05-22 14:29:42.425167', 7309.43, 2083.62, 13), ('Alphabet', '2023-03-22 14:29:42.425175', 'cnxsaa@nxn.com', '2023-04-20 14:29:42.425185', 8404.18, 1295.24, 18), ('Toyota Motor', '2023-07-20 14:29:42.425193', 'jytgnf@xyj.com', '2023-10-06 14:29:42.425203', 5540.39, 2785.64, 7), ('Costco Wholesale', '2023-06-10 14:29:42.425211', 'xqauec@xhu.com', '2023-10-12 14:29:42.425220', 14053.87, 3062.31, 3), ('Amazon', '2023-05-06 14:29:42.425228', 'ttqzjr@ynh.com', '2023-06-28 14:29:42.425237', 11025.37, 538.8, 5), ('AmerisourceBergen', '2023-03-16 14:29:42.425246', 'qfanhq@rcy.com', '2023-01-01 14:29:42.425258', 8787.98, 2163.57, 20), ('Amazon', '2023-04-30 14:29:42.425266', 'xikwby@fqp.com', '2023-10-17 14:29:42.425276', 6934.76, 2689.89, 13), ('Cigna', '2023-02-21 14:29:42.425284', 'eakaqd@lfi.com', '2023-02-26 14:29:42.425293', 6245.32, 583.41, 13), ('Berkshire Hathaway', '2023-09-16 14:29:42.425301', 'maqjlh@gan.com', '2023-11-07 14:29:42.425310', 7632.78, 2532.05, 14), ('Ping An Insurance', '2023-06-19 14:29:42.425318', 'rfmucy@uor.com', '2023-11-29 14:29:42.425328', 13540.04, 992.04, 4), ('Amazon', '2023-12-05 14:29:42.425336', 'doxeqj@eks.com', '2023-04-16 14:29:42.425345', 13858.46, 3076.72, 1), ('China National Petroleum', '2023-11-16 14:29:42.425354', 'henuht@big.com', '2023-08-24 14:29:42.425363', 15231.57, 1646.12, 9), ('McKesson', '2023-01-10 14:29:42.425372', 'eayqds@xsh.com', '2023-12-19 14:29:42.425381', 18565.03, 2057.74, 20), ('Chevron', '2023-03-23 14:29:42.425389', 'prdskk@yrh.com', '2023-09-13 14:29:42.425398', 18063.0, 700.48, 7), ('Amazon', '2023-06-19 14:29:42.425407', 'ebzgix@ntl.com', '2023-05-08 14:29:42.425416', 12297.52, 4528.69, 2), ('Sinopec Group', '2023-04-19 14:29:42.425424', 'jjecwd@cfa.com', '2023-09-04 14:29:42.425433', 8656.04, 4143.87, 14), ('Chevron', '2023-04-10 14:29:42.425442', 'gbblra@xga.com', '2023-10-05 14:29:42.425451', 8466.14, 3137.89, 7), ('Apple', '2023-01-27 14:29:42.425459', 'uitndb@fto.com', '2023-11-16 14:29:42.425468', 12725.15, 1379.08, 3), ('Walmart', '2023-04-07 14:29:42.425476', 'xsgguc@jtu.com', '2023-11-11 14:29:42.425485', 12215.95, 2265.65, 1), ('UnitedHealth Group', '2023-11-11 14:29:42.425493', 'zzrrcp@uko.com', '2023-09-16 14:29:42.425503', 6109.02, 726.03, 12), ('Ping An Insurance', '2023-03-13 14:29:42.425511', 'owwzty@jia.com', '2023-05-11 14:29:42.425521', 9028.51, 2342.11, 10), ('Costco Wholesale', '2023-09-13 14:29:42.425529', 'dbxkaf@tnr.com', '2023-11-23 14:29:42.425538', 8237.32, 922.05, 18), ('Apple', '2023-06-20 14:29:42.425546', 'qwpril@fky.com', '2023-06-29 14:29:42.425555', 6800.72, 3231.28, 5), ('Costco Wholesale', '2023-12-03 14:29:42.425563', 'gwaita@zth.com', '2023-08-28 14:29:42.425573', 7080.63, 2514.66, 12), ('Ping An Insurance', '2023-03-17 14:29:42.425581', 'nwtcow@mlg.com', '2023-01-05 14:29:42.425590', 5388.05, 3811.44, 9), ('UnitedHealth Group', '2023-01-20 14:29:42.425600', 'lhtwkd@vex.com', '2023-06-24 14:29:42.425609', 6712.41, 2134.75, 19), ('Chevron', '2023-04-03 14:29:42.425617', 'lbzire@gpd.com', '2023-09-03 14:29:42.425626', 12308.5, 4824.34, 10), ('Apple', '2023-03-27 14:29:42.425634', 'umyxqa@jzm.com', '2023-02-06 14:29:42.425645', 6501.96, 2946.41, 9), ('Toyota Motor', '2023-02-17 14:29:42.425654', 'dzdyjk@sew.com', '2023-05-29 14:29:42.425663', 7585.75, 1185.11, 14), ('Berkshire Hathaway', '2023-06-17 14:29:42.425672', 'mtalsn@azt.com', '2023-10-05 14:29:42.425681', 5293.03, 1132.21, 8), ('Chevron', '2023-05-22 14:29:42.425689', 'eiskkp@mec.com', '2023-03-03 14:29:42.425698', 15104.29, 1748.9, 12), ('China National Petroleum', '2023-07-11 14:29:42.425706', 'spwvpv@dvr.com', '2023-07-23 14:29:42.425715', 18888.05, 1629.56, 5), ('Amazon', '2023-04-25 14:29:42.425723', 'fhztyw@qkp.com', '2023-03-27 14:29:42.425733', 6944.72, 2065.39, 4), ('CVS Health', '2023-09-05 14:29:42.425741', 'auknqf@jjf.com', '2023-01-09 14:29:42.425750', 11045.87, 3112.44, 12), ('Ping An Insurance', '2022-12-26 14:29:42.425759', 'zqbtot@giz.com', '2022-12-31 14:29:42.425768', 12810.64, 3536.19, 5), ('Chevron', '2023-02-15 14:29:42.425776', 'epqcnt@umc.com', '2023-08-29 14:29:42.425785', 12489.79, 767.03, 18), ('Costco Wholesale', '2023-11-12 14:29:42.425793', 'kwtynj@gvv.com', '2023-01-28 14:29:42.425802', 6981.91, 3134.83, 1), ('Costco Wholesale', '2023-10-14 14:29:42.425810', 'xnrlqg@lyp.com', '2023-04-16 14:29:42.425820', 11881.18, 1230.33, 10), ('General Motors', '2023-07-09 14:29:42.425828', 'acqajd@rur.com', '2023-03-20 14:29:42.425838', 6631.07, 1656.79, 4);


-- 100 client orders
INSERT INTO client_order (client_id, price, created_at, delivered_at, progress) VALUES
(30, 4300, '2023-11-15 11:16:51', '2023-11-20 03:52:51', '{"stage": 1, "completeness": 30}'),
(59, 5600, '2023-11-09 03:33:51', '2023-12-01 21:03:51', '{"stage": 1, "completeness": 98}'),
(80, 3800, '2023-11-14 06:06:51', '2023-11-20 21:51:51', '{"stage": 0, "completeness": 90}'),
(77, 4500, '2023-11-14 16:31:51', '2023-11-27 04:08:51', '{"stage": 1, "completeness": 34}'),
(20, 8500, '2023-11-13 04:36:51', '2023-12-07 07:15:51', '{"stage": 1, "completeness": 58}'),
(27, 8100, '2023-11-06 03:57:51', '2023-12-01 02:53:51', '{"stage": 1, "completeness": 14}'),
(65, 8800, '2023-11-18 23:53:51', '2023-11-20 02:57:51', '{"stage": 2, "completeness": 37}'),
(5, 9000, '2023-11-03 01:50:51', '2023-11-24 04:40:51', '{"stage": 0, "completeness": 11}'),
(23, 5700, '2023-11-24 15:22:51', '2023-11-29 16:23:51', '{"stage": 1, "completeness": 78}'),
(92, 2500, '2023-11-04 07:41:51', '2023-11-28 15:07:51', '{"stage": 0, "completeness": 15}'),
(40, 8800, '2023-11-20 11:57:51', '2023-12-15 10:24:51', '{"stage": 1, "completeness": 3}'),
(73, 4000, '2023-11-17 07:58:51', '2023-12-12 11:20:51', '{"stage": 0, "completeness": 38}'),
(56, 9200, '2023-11-08 09:28:51', '2023-12-04 13:53:51', '{"stage": 0, "completeness": 52}'),
(56, 9900, '2023-11-05 19:21:51', '2023-11-21 05:25:51', '{"stage": 1, "completeness": 72}'),
(51, 6500, '2023-10-31 19:43:51', '2023-11-07 09:38:51', '{"stage": 2, "completeness": 27}'),
(73, 8400, '2023-11-03 20:36:51', '2023-11-19 16:49:51', '{"stage": 2, "completeness": 36}'),
(49, 5600, '2023-11-07 10:16:51', '2023-11-15 07:27:51', '{"stage": 2, "completeness": 86}'),
(3, 8000, '2023-11-09 21:10:51', '2023-11-20 23:02:51', '{"stage": 1, "completeness": 72}'),
(32, 3900, '2023-11-06 13:54:51', '2023-11-20 19:42:51', '{"stage": 0, "completeness": 86}'),
(66, 9700, '2023-11-26 12:15:51', '2023-12-22 23:10:51', '{"stage": 0, "completeness": 6}'),
(83, 1000, '2023-11-27 13:35:51', '2023-12-18 04:21:51', '{"stage": 2, "completeness": 92}'),
(46, 9200, '2023-11-24 04:11:51', '2023-11-29 13:30:51', '{"stage": 0, "completeness": 84}'),
(89, 6000, '2023-11-18 18:11:51', '2023-12-09 06:48:51', '{"stage": 0, "completeness": 2}'),
(11, 4100, '2023-11-10 10:43:51', '2023-11-10 21:00:51', '{"stage": 2, "completeness": 88}'),
(86, 4100, '2023-11-14 09:49:51', '2023-11-29 16:30:51', '{"stage": 1, "completeness": 54}'),
(65, 2500, '2023-11-01 11:07:51', '2023-11-16 06:17:51', '{"stage": 1, "completeness": 19}'),
(100, 4400, '2023-11-24 06:19:51', '2023-12-07 03:37:51', '{"stage": 2, "completeness": 62}'),
(86, 5700, '2023-11-26 20:04:51', '2023-12-15 17:19:51', '{"stage": 0, "completeness": 59}'),
(43, 8900, '2023-11-06 02:32:51', '2023-11-20 15:40:51', '{"stage": 1, "completeness": 91}'),
(63, 1800, '2023-11-22 19:39:51', '2023-11-23 19:50:51', '{"stage": 0, "completeness": 15}'),
(53, 9100, '2023-11-03 15:38:51', '2023-11-09 01:35:51', '{"stage": 0, "completeness": 25}'),
(92, 7200, '2023-11-22 12:42:51', '2023-11-24 18:04:51', '{"stage": 2, "completeness": 75}'),
(54, 4900, '2023-11-14 22:14:51', '2023-12-05 19:04:51', '{"stage": 0, "completeness": 79}'),
(84, 3200, '2023-11-25 13:01:51', '2023-12-17 00:21:51', '{"stage": 1, "completeness": 42}'),
(33, 3400, '2023-10-31 07:01:51', '2023-11-03 15:52:51', '{"stage": 1, "completeness": 44}'),
(75, 5400, '2023-11-04 10:04:51', '2023-11-26 04:41:51', '{"stage": 1, "completeness": 15}'),
(29, 1600, '2023-11-16 08:36:51', '2023-12-09 03:19:51', '{"stage": 0, "completeness": 0}'),
(67, 1400, '2023-10-29 12:54:51', '2023-11-23 02:00:51', '{"stage": 1, "completeness": 62}'),
(22, 2300, '2023-10-29 14:06:51', '2023-11-11 23:53:51', '{"stage": 2, "completeness": 73}'),
(37, 2500, '2023-10-28 17:21:51', '2023-11-08 23:43:51', '{"stage": 0, "completeness": 69}'),
(20, 8300, '2023-11-26 10:58:51', '2023-12-22 08:46:51', '{"stage": 1, "completeness": 36}'),
(33, 3100, '2023-11-09 06:32:51', '2023-11-20 00:49:51', '{"stage": 1, "completeness": 46}'),
(44, 5100, '2023-11-26 01:54:51', '2023-12-07 02:03:51', '{"stage": 0, "completeness": 43}'),
(62, 300, '2023-11-25 03:24:51', '2023-12-16 04:42:51', '{"stage": 0, "completeness": 70}'),
(43, 6400, '2023-11-14 14:30:51', '2023-12-13 19:36:51', '{"stage": 2, "completeness": 8}'),
(63, 1000, '2023-11-28 02:19:51', '2023-12-08 04:13:51', '{"stage": 1, "completeness": 80}'),
(75, 5400, '2023-11-01 01:02:51', '2023-11-11 07:58:51', '{"stage": 2, "completeness": 55}'),
(32, 7100, '2023-11-19 07:34:51', '2023-12-07 03:37:51', '{"stage": 0, "completeness": 6}'),
(13, 4200, '2023-11-23 00:26:51', '2023-12-13 11:53:51', '{"stage": 0, "completeness": 88}'),
(88, 6800, '2023-11-13 06:49:51', '2023-12-12 17:21:51', '{"stage": 0, "completeness": 4}'),
(24, 600, '2023-11-01 06:29:51', '2023-11-02 07:53:51', '{"stage": 2, "completeness": 98}'),
(55, 6700, '2023-11-07 00:24:51', '2023-11-15 00:44:51', '{"stage": 2, "completeness": 8}'),
(33, 5900, '2023-10-29 06:04:51', '2023-11-27 17:32:51', '{"stage": 0, "completeness": 55}'),
(98, 9400, '2023-11-12 16:25:51', '2023-11-18 05:07:51', '{"stage": 0, "completeness": 56}'),
(89, 3700, '2023-11-09 12:02:51', '2023-12-05 19:31:51', '{"stage": 1, "completeness": 25}'),
(67, 9300, '2023-11-04 02:17:51', '2023-11-21 08:22:51', '{"stage": 2, "completeness": 53}'),
(88, 3700, '2023-11-22 19:27:51', '2023-12-08 00:02:51', '{"stage": 1, "completeness": 53}'),
(42, 4000, '2023-11-07 05:49:51', '2023-11-23 06:54:51', '{"stage": 0, "completeness": 71}'),
(87, 2400, '2023-10-28 11:18:51', '2023-11-20 00:43:51', '{"stage": 1, "completeness": 1}'),
(98, 3800, '2023-11-08 08:55:51', '2023-11-09 16:57:51', '{"stage": 1, "completeness": 69}'),
(43, 4700, '2023-11-04 16:24:51', '2023-11-29 10:33:51', '{"stage": 1, "completeness": 80}'),
(40, 4200, '2023-11-20 21:24:51', '2023-12-13 11:52:51', '{"stage": 2, "completeness": 16}'),
(40, 4100, '2023-10-31 21:04:51', '2023-11-04 09:31:51', '{"stage": 2, "completeness": 49}'),
(8, 5800, '2023-11-19 11:27:51', '2023-11-20 04:15:51', '{"stage": 2, "completeness": 13}'),
(42, 7200, '2023-11-25 05:54:51', '2023-12-14 14:29:51', '{"stage": 2, "completeness": 48}'),
(5, 4000, '2023-11-07 11:11:51', '2023-11-14 14:16:51', '{"stage": 0, "completeness": 68}'),
(33, 1500, '2023-11-14 10:28:51', '2023-12-01 21:36:51', '{"stage": 0, "completeness": 38}'),
(73, 100, '2023-11-16 12:00:51', '2023-12-10 07:41:51', '{"stage": 2, "completeness": 64}'),
(28, 3200, '2023-11-15 13:26:51', '2023-12-13 20:47:51', '{"stage": 1, "completeness": 28}'),
(45, 6000, '2023-11-24 21:20:51', '2023-12-01 04:57:51', '{"stage": 0, "completeness": 54}'),
(12, 9200, '2023-11-25 16:00:51', '2023-12-21 20:14:51', '{"stage": 0, "completeness": 33}'),
(91, 6900, '2023-10-30 14:14:51', '2023-11-03 19:47:51', '{"stage": 1, "completeness": 6}'),
(9, 6600, '2023-11-06 10:28:51', '2023-12-02 07:37:51', '{"stage": 1, "completeness": 24}'),
(12, 6700, '2023-11-26 20:39:51', '2023-12-10 16:19:51', '{"stage": 2, "completeness": 52}'),
(22, 6100, '2023-10-29 18:09:51', '2023-11-12 09:21:51', '{"stage": 0, "completeness": 33}'),
(16, 9000, '2023-11-01 00:54:51', '2023-11-02 10:08:51', '{"stage": 2, "completeness": 95}'),
(69, 1000, '2023-11-18 22:06:51', '2023-12-14 15:10:51', '{"stage": 0, "completeness": 98}'),
(100, 8000, '2023-11-15 21:04:51', '2023-11-18 11:04:51', '{"stage": 2, "completeness": 66}'),
(29, 600, '2023-11-05 06:56:51', '2023-11-16 16:06:51', '{"stage": 1, "completeness": 93}'),
(44, 5100, '2023-11-20 07:27:51', '2023-12-04 08:00:51', '{"stage": 1, "completeness": 44}'),
(93, 7700, '2023-11-10 02:01:51', '2023-12-09 18:48:51', '{"stage": 0, "completeness": 27}'),
(38, 9100, '2023-10-28 13:55:51', '2023-11-16 15:35:51', '{"stage": 0, "completeness": 59}'),
(32, 3600, '2023-10-31 04:48:51', '2023-11-25 10:30:51', '{"stage": 1, "completeness": 40}'),
(45, 1600, '2023-11-01 04:00:51', '2023-11-18 23:18:51', '{"stage": 2, "completeness": 83}'),
(79, 7600, '2023-11-03 03:23:51', '2023-12-02 09:23:51', '{"stage": 0, "completeness": 95}'),
(26, 5900, '2023-10-29 07:58:51', '2023-11-21 05:34:51', '{"stage": 1, "completeness": 55}'),
(82, 2200, '2023-11-12 16:44:51', '2023-12-02 20:43:51', '{"stage": 0, "completeness": 45}'),
(85, 9000, '2023-11-13 21:54:51', '2023-12-04 06:08:51', '{"stage": 2, "completeness": 52}'),
(68, 1000, '2023-10-28 09:37:51', '2023-11-06 03:30:51', '{"stage": 2, "completeness": 8}'),
(44, 9700, '2023-11-23 11:03:51', '2023-12-23 06:41:51', '{"stage": 0, "completeness": 43}'),
(4, 6300, '2023-11-26 10:10:51', '2023-12-19 02:01:51', '{"stage": 0, "completeness": 23}'),
(27, 9900, '2023-11-19 10:43:51', '2023-12-18 14:29:51', '{"stage": 1, "completeness": 46}'),
(38, 9900, '2023-11-11 02:27:51', '2023-11-28 13:41:51', '{"stage": 1, "completeness": 12}'),
(77, 7000, '2023-11-19 09:12:51', '2023-12-09 14:19:51', '{"stage": 0, "completeness": 18}'),
(40, 900, '2023-11-17 20:45:51', '2023-12-10 13:56:51', '{"stage": 1, "completeness": 90}'),
(89, 8200, '2023-11-13 19:01:51', '2023-11-16 14:53:51', '{"stage": 2, "completeness": 51}'),
(32, 7100, '2023-11-27 22:22:51', '2023-12-11 07:57:51', '{"stage": 1, "completeness": 36}'),
(44, 5900, '2023-11-23 04:10:51', '2023-11-28 05:13:51', '{"stage": 0, "completeness": 34}'),
(15, 1000, '2023-11-13 00:27:51', '2023-12-10 04:40:51', '{"stage": 1, "completeness": 52}'),
(89, 5600, '2023-11-23 12:18:51', '2023-11-26 10:42:51', '{"stage": 2, "completeness": 29}');


-- 100 machines
INSERT INTO machine (machine_name, status, created_at) VALUES
('D-001', 'active', '2021-02-02 00:00:00'),
('D-002', 'maintenance', '2021-03-03 00:00:00'),
('D-003', 'idle', '2021-04-04 00:00:00'),
('D-004', 'active', '2021-05-05 00:00:00'),
('D-005', 'maintenance', '2021-06-06 00:00:00'),
('D-006', 'idle', '2021-07-07 00:00:00'),
('D-007', 'active', '2021-08-08 00:00:00'),
('D-008', 'maintenance', '2021-09-09 00:00:00'),
('D-009', 'idle', '2021-10-10 00:00:00'),
('D-010', 'active', '2021-11-11 00:00:00'),
('D-011', 'maintenance', '2021-12-12 00:00:00'),
('D-012', 'idle', '2021-01-13 00:00:00'),
('D-013', 'active', '2021-02-14 00:00:00'),
('D-014', 'maintenance', '2021-03-15 00:00:00'),
('D-015', 'idle', '2021-04-16 00:00:00'),
('D-016', 'active', '2021-05-17 00:00:00'),
('D-017', 'maintenance', '2021-06-18 00:00:00'),
('D-018', 'idle', '2021-07-19 00:00:00'),
('D-019', 'active', '2021-08-20 00:00:00'),
('D-020', 'maintenance', '2021-09-21 00:00:00'),
('D-021', 'idle', '2021-10-22 00:00:00'),
('D-022', 'active', '2021-11-23 00:00:00'),
('D-023', 'maintenance', '2021-12-24 00:00:00'),
('D-024', 'idle', '2021-01-25 00:00:00'),
('D-025', 'active', '2021-02-26 00:00:00'),
('D-026', 'maintenance', '2021-03-27 00:00:00'),
('D-027', 'idle', '2021-04-28 00:00:00'),
('D-028', 'active', '2021-05-01 00:00:00'),
('D-029', 'maintenance', '2021-06-02 00:00:00'),
('D-030', 'idle', '2021-07-03 00:00:00'),
('D-031', 'active', '2021-08-04 00:00:00'),
('D-032', 'maintenance', '2021-09-05 00:00:00'),
('D-033', 'idle', '2021-10-06 00:00:00'),
('D-034', 'active', '2021-11-07 00:00:00'),
('D-035', 'maintenance', '2021-12-08 00:00:00'),
('D-036', 'idle', '2021-01-09 00:00:00'),
('D-037', 'active', '2021-02-10 00:00:00'),
('D-038', 'maintenance', '2021-03-11 00:00:00'),
('D-039', 'idle', '2021-04-12 00:00:00'),
('D-040', 'active', '2021-05-13 00:00:00'),
('D-041', 'maintenance', '2021-06-14 00:00:00'),
('D-042', 'idle', '2021-07-15 00:00:00'),
('D-043', 'active', '2021-08-16 00:00:00'),
('D-044', 'maintenance', '2021-09-17 00:00:00'),
('D-045', 'idle', '2021-10-18 00:00:00'),
('D-046', 'active', '2021-11-19 00:00:00'),
('D-047', 'maintenance', '2021-12-20 00:00:00'),
('D-048', 'idle', '2021-01-21 00:00:00'),
('D-049', 'active', '2021-02-22 00:00:00'),
('D-050', 'maintenance', '2021-03-23 00:00:00'),
('D-051', 'idle', '2021-04-24 00:00:00'),
('D-052', 'active', '2021-05-25 00:00:00'),
('D-053', 'maintenance', '2021-06-26 00:00:00'),
('D-054', 'idle', '2021-07-27 00:00:00'),
('D-055', 'active', '2021-08-28 00:00:00'),
('D-056', 'maintenance', '2021-09-01 00:00:00'),
('D-057', 'idle', '2021-10-02 00:00:00'),
('D-058', 'active', '2021-11-03 00:00:00'),
('D-059', 'maintenance', '2021-12-04 00:00:00'),
('D-060', 'idle', '2021-01-05 00:00:00'),
('D-061', 'active', '2021-02-06 00:00:00'),
('D-062', 'maintenance', '2021-03-07 00:00:00'),
('D-063', 'idle', '2021-04-08 00:00:00'),
('D-064', 'active', '2021-05-09 00:00:00'),
('D-065', 'maintenance', '2021-06-10 00:00:00'),
('D-066', 'idle', '2021-07-11 00:00:00'),
('D-067', 'active', '2021-08-12 00:00:00'),
('D-068', 'maintenance', '2021-09-13 00:00:00'),
('D-069', 'idle', '2021-10-14 00:00:00'),
('D-070', 'active', '2021-11-15 00:00:00'),
('D-071', 'maintenance', '2021-12-16 00:00:00'),
('D-072', 'idle', '2021-01-17 00:00:00'),
('D-073', 'active', '2021-02-18 00:00:00'),
('D-074', 'maintenance', '2021-03-19 00:00:00'),
('D-075', 'idle', '2021-04-20 00:00:00'),
('D-076', 'active', '2021-05-21 00:00:00'),
('D-077', 'maintenance', '2021-06-22 00:00:00'),
('D-078', 'idle', '2021-07-23 00:00:00'),
('D-079', 'active', '2021-08-24 00:00:00'),
('D-080', 'maintenance', '2021-09-25 00:00:00'),
('D-081', 'idle', '2021-10-26 00:00:00'),
('D-082', 'active', '2021-11-27 00:00:00'),
('D-083', 'maintenance', '2021-12-28 00:00:00'),
('D-084', 'idle', '2021-01-01 00:00:00'),
('D-085', 'active', '2021-02-02 00:00:00'),
('D-086', 'maintenance', '2021-03-03 00:00:00'),
('D-087', 'idle', '2021-04-04 00:00:00'),
('D-088', 'active', '2021-05-05 00:00:00'),
('D-089', 'maintenance', '2021-06-06 00:00:00'),
('D-090', 'idle', '2021-07-07 00:00:00'),
('D-091', 'active', '2021-08-08 00:00:00'),
('D-092', 'maintenance', '2021-09-09 00:00:00'),
('D-093', 'idle', '2021-10-10 00:00:00'),
('D-094', 'active', '2021-11-11 00:00:00'),
('D-095', 'maintenance', '2021-12-12 00:00:00'),
('D-096', 'idle', '2021-01-13 00:00:00'),
('D-097', 'active', '2021-02-14 00:00:00'),
('D-098', 'maintenance', '2021-03-15 00:00:00'),
('D-099', 'idle', '2021-04-16 00:00:00'),
('D-100', 'active', '2021-05-17 00:00:00');


-- 100 suppliers
INSERT INTO supplier (supplier_name) VALUES
('Acme Terminal Materials Inc.'),
('Blocks & Connectors Ltd.'),
('Conductive Components Corp.'),
('Terminal Tech Supplies'),
('ElectroConnect Materials'),
('Circuit Assembly Suppliers'),
('Precision Block Materials'),
('Terminal Solutions Inc.'),
('Connector Crafters Co.'),
('ElectroParts Manufacturing'),
('Block Builders Supply'),
('Wire & Terminal Traders'),
('Cable Connect Systems'),
('Solid State Suppliers'),
('Terminal Masters Inc.'),
('Circuit Supply Co.'),
('Connector Resource Group'),
('Block & Wire Supplies'),
('Electro Junction Inc.'),
('Terminal Materials Plus'),
('Circuit Components Co.'),
('WireCraft Materials'),
('Connective Parts Supplies'),
('Terminal House Inc.'),
('Global Connectors Ltd.'),
('Circuitry Suppliers Corp.'),
('Conductive Tech Materials'),
('Block Assembly Co.'),
('Electro Terminal Inc.'),
('Wiring Solutions Suppliers'),
('Terminal Fabricators Inc.'),
('Cable & Block Co.'),
('Component Crafters Ltd.'),
('Connectivity Supply Inc.'),
('ElectroBlock Materials Co.'),
('Circuit Board Supplies'),
('Terminal Source Inc.'),
('Wire and Blocks Ltd.'),
('Conductive Systems Co.'),
('Material Connectors Corp.'),
('Block Tech Inc.'),
('ElectroComponent Suppliers'),
('Terminal Assembly Supply'),
('Circuit Connect Co.'),
('Wire Supply House'),
('Block & Connector Traders'),
('ElectroCraft Supplies Inc.'),
('Component Connection Co.'),
('Terminal Plus Materials'),
('Connective Tech Inc.'),
('Circuitry Components Ltd.'),
('ElectroBlock Supply Co.'),
('Wire & Terminal Materials'),
('Connect Solutions Inc.'),
('Terminal Component Traders'),
('CableCraft Supplies Co.'),
('BlockCrafters Inc.'),
('Component Craft Supply'),
('Connective Materials Corp.'),
('Terminal Connect Inc.'),
('Circuit Supply Solutions'),
('Wire Tech Materials'),
('Block & Wire Suppliers'),
('ElectroMaterials Co.'),
('Component Connection Group'),
('Terminal Fabrication Inc.'),
('Circuitry Supply Co.'),
('Connective Parts Inc.'),
('WireBlock Systems'),
('Block Assembly Supplies'),
('Electro Supply Inc.'),
('Terminal Tech Components'),
('Circuit Connectors Ltd.'),
('WireCraft Supplies'),
('Component Connection Ltd.'),
('Material Connection Co.'),
('Terminal Crafters Inc.'),
('Circuit Component Suppliers'),
('Connector Supply House'),
('Block Material Traders'),
('ElectroComponents Inc.'),
('Wire & Connect Solutions'),
('Terminal Assembly Co.'),
('Circuit Parts Supply'),
('Component Crafters Corp.'),
('Block & Connector Supplies'),
('ElectroSupply Co.'),
('WireCraft Components'),
('Terminal Connectors Ltd.'),
('Circuitry Supply House'),
('Connective Systems Inc.'),
('BlockCraft Supplies'),
('Component Connection Solutions'),
('Terminal Material Co.'),
('Circuit Assembly Suppliers'),
('Wire & Block Supply'),
('Connector Craft Supply'),
('Electro Block Inc.'),
('Component Supply Group'),
('Terminal Craft Supply');


-- 100 materials
INSERT INTO material (supplier_id, material_name, quantity) VALUES
(1, 'Plastic Casing', 60),
(2, 'Screw Set', 70),
(3, 'Mounting Brackets', 80),
(4, 'Insulating Tape', 90),
(5, 'Conductive Gel', 100),
(6, 'Circuit Board', 110),
(7, 'LED Light', 120),
(8, 'Switch Set', 130),
(9, 'Metal Frame', 140),
(10, 'Copper Wire', 150),
(11, 'Plastic Casing', 160),
(12, 'Screw Set', 170),
(13, 'Mounting Brackets', 180),
(14, 'Insulating Tape', 190),
(15, 'Conductive Gel', 50),
(16, 'Circuit Board', 60),
(17, 'LED Light', 70),
(18, 'Switch Set', 80),
(19, 'Metal Frame', 90),
(20, 'Copper Wire', 100),
(21, 'Plastic Casing', 110),
(22, 'Screw Set', 120),
(23, 'Mounting Brackets', 130),
(24, 'Insulating Tape', 140),
(25, 'Conductive Gel', 150),
(26, 'Circuit Board', 160),
(27, 'LED Light', 170),
(28, 'Switch Set', 180),
(29, 'Metal Frame', 190),
(30, 'Copper Wire', 50),
(31, 'Plastic Casing', 60),
(32, 'Screw Set', 70),
(33, 'Mounting Brackets', 80),
(34, 'Insulating Tape', 90),
(35, 'Conductive Gel', 100),
(36, 'Circuit Board', 110),
(37, 'LED Light', 120),
(38, 'Switch Set', 130),
(39, 'Metal Frame', 140),
(40, 'Copper Wire', 150),
(41, 'Plastic Casing', 160),
(42, 'Screw Set', 170),
(43, 'Mounting Brackets', 180),
(44, 'Insulating Tape', 190),
(45, 'Conductive Gel', 50),
(46, 'Circuit Board', 60),
(47, 'LED Light', 70),
(48, 'Switch Set', 80),
(49, 'Metal Frame', 90),
(50, 'Copper Wire', 100),
(51, 'Plastic Casing', 110),
(52, 'Screw Set', 120),
(53, 'Mounting Brackets', 130),
(54, 'Insulating Tape', 140),
(55, 'Conductive Gel', 150),
(56, 'Circuit Board', 160),
(57, 'LED Light', 170),
(58, 'Switch Set', 180),
(59, 'Metal Frame', 190),
(60, 'Copper Wire', 50),
(61, 'Plastic Casing', 60),
(62, 'Screw Set', 70),
(63, 'Mounting Brackets', 80),
(64, 'Insulating Tape', 90),
(65, 'Conductive Gel', 100),
(66, 'Circuit Board', 110),
(67, 'LED Light', 120),
(68, 'Switch Set', 130),
(69, 'Metal Frame', 140),
(70, 'Copper Wire', 150),
(71, 'Plastic Casing', 160),
(72, 'Screw Set', 170),
(73, 'Mounting Brackets', 180),
(74, 'Insulating Tape', 190),
(75, 'Conductive Gel', 50),
(76, 'Circuit Board', 60),
(77, 'LED Light', 70),
(78, 'Switch Set', 80),
(79, 'Metal Frame', 90),
(80, 'Copper Wire', 100),
(81, 'Plastic Casing', 110),
(82, 'Screw Set', 120),
(83, 'Mounting Brackets', 130),
(84, 'Insulating Tape', 140),
(85, 'Conductive Gel', 150),
(86, 'Circuit Board', 160),
(87, 'LED Light', 170),
(88, 'Switch Set', 180),
(89, 'Metal Frame', 190),
(90, 'Copper Wire', 50),
(91, 'Plastic Casing', 60),
(92, 'Screw Set', 70),
(93, 'Mounting Brackets', 80),
(94, 'Insulating Tape', 90),
(95, 'Conductive Gel', 100),
(96, 'Circuit Board', 110),
(97, 'LED Light', 120),
(98, 'Switch Set', 130),
(99, 'Metal Frame', 140),
(100, 'Copper Wire', 150);


-- 100 models
INSERT INTO model (machine_id, quantity, used, created_at) VALUES
(1, 100, 0, '2023-01-01 08:00:00'),
(2, 99, 1, '2023-01-02 08:00:00'),
(3, 98, 2, '2023-01-03 08:00:00'),
(4, 97, 3, '2023-01-04 08:00:00'),
(5, 96, 4, '2023-01-05 08:00:00'),
(6, 95, 5, '2023-01-06 08:00:00'),
(7, 94, 6, '2023-01-07 08:00:00'),
(8, 93, 7, '2023-01-08 08:00:00'),
(9, 92, 8, '2023-01-09 08:00:00'),
(10, 91, 9, '2023-01-10 08:00:00'),
(11, 90, 10, '2023-01-11 08:00:00'),
(12, 89, 11, '2023-01-12 08:00:00'),
(13, 88, 12, '2023-01-13 08:00:00'),
(14, 87, 13, '2023-01-14 08:00:00'),
(15, 86, 14, '2023-01-15 08:00:00'),
(16, 85, 15, '2023-01-16 08:00:00'),
(17, 84, 16, '2023-01-17 08:00:00'),
(18, 83, 17, '2023-01-18 08:00:00'),
(19, 82, 18, '2023-01-19 08:00:00'),
(20, 81, 19, '2023-01-20 08:00:00'),
(21, 80, 20, '2023-01-21 08:00:00'),
(22, 79, 21, '2023-01-22 08:00:00'),
(23, 78, 22, '2023-01-23 08:00:00'),
(24, 77, 23, '2023-01-24 08:00:00'),
(25, 76, 24, '2023-01-25 08:00:00'),
(26, 75, 25, '2023-01-26 08:00:00'),
(27, 74, 26, '2023-01-27 08:00:00'),
(28, 73, 27, '2023-01-28 08:00:00'),
(29, 72, 28, '2023-01-29 08:00:00'),
(30, 71, 29, '2023-01-30 08:00:00'),
(31, 70, 30, '2023-02-01 08:00:00'),
(32, 69, 31, '2023-02-02 08:00:00'),
(33, 68, 32, '2023-02-03 08:00:00'),
(34, 67, 33, '2023-02-04 08:00:00'),
(35, 66, 34, '2023-02-05 08:00:00'),
(36, 65, 35, '2023-02-06 08:00:00'),
(37, 64, 36, '2023-02-07 08:00:00'),
(38, 63, 37, '2023-02-08 08:00:00'),
(39, 62, 38, '2023-02-09 08:00:00'),
(40, 61, 39, '2023-02-10 08:00:00'),
(41, 60, 40, '2023-02-11 08:00:00'),
(42, 59, 41, '2023-02-12 08:00:00'),
(43, 58, 42, '2023-02-13 08:00:00'),
(44, 57, 43, '2023-02-14 08:00:00'),
(45, 56, 44, '2023-02-15 08:00:00'),
(46, 55, 45, '2023-02-16 08:00:00'),
(47, 54, 46, '2023-02-17 08:00:00'),
(48, 53, 47, '2023-02-18 08:00:00'),
(49, 52, 48, '2023-02-19 08:00:00'),
(50, 51, 49, '2023-02-20 08:00:00'),
(51, 50, 50, '2023-02-21 08:00:00'),
(52, 49, 49, '2023-02-22 08:00:00'),
(53, 48, 48, '2023-02-23 08:00:00'),
(54, 47, 47, '2023-02-24 08:00:00'),
(55, 46, 46, '2023-02-25 08:00:00'),
(56, 45, 45, '2023-02-26 08:00:00'),
(57, 44, 44, '2023-02-27 08:00:00'),
(58, 43, 43, '2023-02-28 08:00:00'),
(59, 42, 42, '2023-02-28 08:00:00'),
(60, 41, 41, '2023-02-28 08:00:00'),
(61, 40, 40, '2023-03-01 08:00:00'),
(62, 39, 39, '2023-03-02 08:00:00'),
(63, 38, 38, '2023-03-03 08:00:00'),
(64, 37, 37, '2023-03-04 08:00:00'),
(65, 36, 36, '2023-03-05 08:00:00'),
(66, 35, 35, '2023-03-06 08:00:00'),
(67, 34, 34, '2023-03-07 08:00:00'),
(68, 33, 33, '2023-03-08 08:00:00'),
(69, 32, 32, '2023-03-09 08:00:00'),
(70, 31, 31, '2023-03-10 08:00:00'),
(71, 30, 30, '2023-03-11 08:00:00'),
(72, 29, 29, '2023-03-12 08:00:00'),
(73, 28, 28, '2023-03-13 08:00:00'),
(74, 27, 27, '2023-03-14 08:00:00'),
(75, 26, 26, '2023-03-15 08:00:00'),
(76, 25, 25, '2023-03-16 08:00:00'),
(77, 24, 24, '2023-03-17 08:00:00'),
(78, 23, 23, '2023-03-18 08:00:00'),
(79, 22, 22, '2023-03-19 08:00:00'),
(80, 21, 21, '2023-03-20 08:00:00'),
(81, 20, 20, '2023-03-21 08:00:00'),
(82, 19, 19, '2023-03-22 08:00:00'),
(83, 18, 18, '2023-03-23 08:00:00'),
(84, 17, 17, '2023-03-24 08:00:00'),
(85, 16, 16, '2023-03-25 08:00:00'),
(86, 15, 15, '2023-03-26 08:00:00'),
(87, 14, 14, '2023-03-27 08:00:00'),
(88, 13, 13, '2023-03-28 08:00:00'),
(89, 12, 12, '2023-03-29 08:00:00'),
(90, 11, 11, '2023-03-30 08:00:00'),
(91, 10, 10, '2023-04-01 08:00:00'),
(92, 9, 9, '2023-04-02 08:00:00'),
(93, 8, 8, '2023-04-03 08:00:00'),
(94, 7, 7, '2023-04-04 08:00:00'),
(95, 6, 6, '2023-04-05 08:00:00'),
(96, 5, 5, '2023-04-06 08:00:00'),
(97, 4, 4, '2023-04-07 08:00:00'),
(98, 3, 3, '2023-04-08 08:00:00'),
(99, 2, 2, '2023-04-09 08:00:00'),
(100, 1, 1, '2023-04-10 08:00:00');


-- 100 products
INSERT INTO product (product_name, model_id, created_at, product_type, price, quantity) VALUES
('NanoGrid1', 1, '2023-02-02 00:00:00', 'PCB', 20, 10),
('ElectraNode2', 2, '2023-03-03 00:00:00', 'Grid', 30, 15),
('CyberLink3', 3, '2023-04-04 00:00:00', 'Rail', 40, 20),
('QuantumPort4', 4, '2023-05-05 00:00:00', 'Customized', 50, 25),
('NanoGrid5', 5, '2023-06-06 00:00:00', 'PCB', 60, 5),
('CyberLink6', 6, '2023-07-07 00:00:00', 'Rail', 70, 10),
('NanoGrid7', 7, '2023-08-08 00:00:00', 'PCB', 80, 15),
('QuantumPort8', 8, '2023-09-09 00:00:00', 'Customized', 90, 20),
('CyberLink9', 9, '2023-10-10 00:00:00', 'Rail', 100, 25),
('ElectraNode10', 10, '2023-11-11 00:00:00', 'Grid', 10, 5),
('NanoGrid11', 11, '2023-12-12 00:00:00', 'PCB', 20, 10),
('QuantumPort12', 12, '2023-01-13 00:00:00', 'Customized', 30, 15),
('NanoGrid13', 13, '2023-02-14 00:00:00', 'PCB', 40, 20),
('ElectraNode14', 14, '2023-03-15 00:00:00', 'Grid', 50, 25),
('CyberLink15', 15, '2023-04-16 00:00:00', 'Rail', 60, 5),
('QuantumPort16', 16, '2023-05-17 00:00:00', 'Customized', 70, 10),
('NanoGrid17', 17, '2023-06-18 00:00:00', 'PCB', 80, 15),
('CyberLink18', 18, '2023-07-19 00:00:00', 'Rail', 90, 20),
('NanoGrid19', 19, '2023-08-20 00:00:00', 'PCB', 100, 25),
('QuantumPort20', 20, '2023-09-21 00:00:00', 'Customized', 10, 5),
('CyberLink21', 21, '2023-10-22 00:00:00', 'Rail', 20, 10),
('ElectraNode22', 22, '2023-11-23 00:00:00', 'Grid', 30, 15),
('NanoGrid23', 23, '2023-12-24 00:00:00', 'PCB', 40, 20),
('QuantumPort24', 24, '2023-01-25 00:00:00', 'Customized', 50, 25),
('NanoGrid25', 25, '2023-02-26 00:00:00', 'PCB', 60, 5),
('ElectraNode26', 26, '2023-03-27 00:00:00', 'Grid', 70, 10),
('CyberLink27', 27, '2023-04-28 00:00:00', 'Rail', 80, 15),
('QuantumPort28', 28, '2023-05-01 00:00:00', 'Customized', 90, 20),
('NanoGrid29', 29, '2023-06-02 00:00:00', 'PCB', 100, 25),
('CyberLink30', 30, '2023-07-03 00:00:00', 'Rail', 10, 5),
('NanoGrid31', 31, '2023-08-04 00:00:00', 'PCB', 20, 10),
('QuantumPort32', 32, '2023-09-05 00:00:00', 'Customized', 30, 15),
('CyberLink33', 33, '2023-10-06 00:00:00', 'Rail', 40, 20),
('ElectraNode34', 34, '2023-11-07 00:00:00', 'Grid', 50, 25),
('NanoGrid35', 35, '2023-12-08 00:00:00', 'PCB', 60, 5),
('QuantumPort36', 36, '2023-01-09 00:00:00', 'Customized', 70, 10),
('NanoGrid37', 37, '2023-02-10 00:00:00', 'PCB', 80, 15),
('ElectraNode38', 38, '2023-03-11 00:00:00', 'Grid', 90, 20),
('CyberLink39', 39, '2023-04-12 00:00:00', 'Rail', 100, 25),
('QuantumPort40', 40, '2023-05-13 00:00:00', 'Customized', 10, 5),
('NanoGrid41', 41, '2023-06-14 00:00:00', 'PCB', 20, 10),
('CyberLink42', 42, '2023-07-15 00:00:00', 'Rail', 30, 15),
('NanoGrid43', 43, '2023-08-16 00:00:00', 'PCB', 40, 20),
('QuantumPort44', 44, '2023-09-17 00:00:00', 'Customized', 50, 25),
('CyberLink45', 45, '2023-10-18 00:00:00', 'Rail', 60, 5),
('ElectraNode46', 46, '2023-11-19 00:00:00', 'Grid', 70, 10),
('NanoGrid47', 47, '2023-12-20 00:00:00', 'PCB', 80, 15),
('QuantumPort48', 48, '2023-01-21 00:00:00', 'Customized', 90, 20),
('NanoGrid49', 49, '2023-02-22 00:00:00', 'PCB', 100, 25),
('ElectraNode50', 50, '2023-03-23 00:00:00', 'Grid', 10, 5),
('CyberLink51', 51, '2023-04-24 00:00:00', 'Rail', 20, 10),
('QuantumPort52', 52, '2023-05-25 00:00:00', 'Customized', 30, 15),
('NanoGrid53', 53, '2023-06-26 00:00:00', 'PCB', 40, 20),
('CyberLink54', 54, '2023-07-27 00:00:00', 'Rail', 50, 25),
('NanoGrid55', 55, '2023-08-28 00:00:00', 'PCB', 60, 5),
('QuantumPort56', 56, '2023-09-01 00:00:00', 'Customized', 70, 10),
('CyberLink57', 57, '2023-10-02 00:00:00', 'Rail', 80, 15),
('ElectraNode58', 58, '2023-11-03 00:00:00', 'Grid', 90, 20),
('NanoGrid59', 59, '2023-12-04 00:00:00', 'PCB', 100, 25),
('QuantumPort60', 60, '2023-01-05 00:00:00', 'Customized', 10, 5),
('NanoGrid61', 61, '2023-02-06 00:00:00', 'PCB', 20, 10),
('ElectraNode62', 62, '2023-03-07 00:00:00', 'Grid', 30, 15),
('CyberLink63', 63, '2023-04-08 00:00:00', 'Rail', 40, 20),
('QuantumPort64', 64, '2023-05-09 00:00:00', 'Customized', 50, 25),
('NanoGrid65', 65, '2023-06-10 00:00:00', 'PCB', 60, 5),
('CyberLink66', 66, '2023-07-11 00:00:00', 'Rail', 70, 10),
('NanoGrid67', 67, '2023-08-12 00:00:00', 'PCB', 80, 15),
('QuantumPort68', 68, '2023-09-13 00:00:00', 'Customized', 90, 20),
('CyberLink69', 69, '2023-10-14 00:00:00', 'Rail', 100, 25),
('ElectraNode70', 70, '2023-11-15 00:00:00', 'Grid', 10, 5),
('NanoGrid71', 71, '2023-12-16 00:00:00', 'PCB', 20, 10),
('QuantumPort72', 72, '2023-01-17 00:00:00', 'Customized', 30, 15),
('NanoGrid73', 73, '2023-02-18 00:00:00', 'PCB', 40, 20),
('ElectraNode74', 74, '2023-03-19 00:00:00', 'Grid', 50, 25),
('CyberLink75', 75, '2023-04-20 00:00:00', 'Rail', 60, 5),
('QuantumPort76', 76, '2023-05-21 00:00:00', 'Customized', 70, 10),
('NanoGrid77', 77, '2023-06-22 00:00:00', 'PCB', 80, 15),
('CyberLink78', 78, '2023-07-23 00:00:00', 'Rail', 90, 20),
('NanoGrid79', 79, '2023-08-24 00:00:00', 'PCB', 100, 25),
('QuantumPort80', 80, '2023-09-25 00:00:00', 'Customized', 10, 5),
('CyberLink81', 81, '2023-10-26 00:00:00', 'Rail', 20, 10),
('ElectraNode82', 82, '2023-11-27 00:00:00', 'Grid', 30, 15),
('NanoGrid83', 83, '2023-12-28 00:00:00', 'PCB', 40, 20),
('QuantumPort84', 84, '2023-01-01 00:00:00', 'Customized', 50, 25),
('NanoGrid85', 85, '2023-02-02 00:00:00', 'PCB', 60, 5),
('ElectraNode86', 86, '2023-03-03 00:00:00', 'Grid', 70, 10),
('CyberLink87', 87, '2023-04-04 00:00:00', 'Rail', 80, 15),
('QuantumPort88', 88, '2023-05-05 00:00:00', 'Customized', 90, 20),
('NanoGrid89', 89, '2023-06-06 00:00:00', 'PCB', 100, 25),
('CyberLink90', 90, '2023-07-07 00:00:00', 'Rail', 10, 5),
('NanoGrid91', 91, '2023-08-08 00:00:00', 'PCB', 20, 10),
('QuantumPort92', 92, '2023-09-09 00:00:00', 'Customized', 30, 15),
('CyberLink93', 93, '2023-10-10 00:00:00', 'Rail', 40, 20),
('ElectraNode94', 94, '2023-11-11 00:00:00', 'Grid', 50, 25),
('NanoGrid95', 95, '2023-12-12 00:00:00', 'PCB', 60, 5),
('QuantumPort96', 96, '2023-01-13 00:00:00', 'Customized', 70, 10),
('NanoGrid97', 97, '2023-02-14 00:00:00', 'PCB', 80, 15),
('ElectraNode98', 98, '2023-03-15 00:00:00', 'Grid', 90, 20),
('CyberLink99', 99, '2023-04-16 00:00:00', 'Rail', 100, 25),
('QuantumPort100', 100, '2023-05-17 00:00:00', 'Customized', 10, 5);


-- 100
INSERT INTO required_product (produced_pid, required_pid, quantity) VALUES (57, 43, 6),(38, 83, 10),(8, 1, 2),(74, 67, 8),(46, 8, 6),(61, 4, 9),(75, 45, 3),(59, 21, 2),(67, 82, 5),(37, 35, 1),(35, 75, 8),(19, 58, 7),(76, 73, 2),(64, 79, 6),(25, 69, 1),(89, 84, 10),(36, 1, 8),(98, 73, 10),(40, 45, 9),(42, 55, 6),(99, 48, 3),(68, 39, 5),(65, 35, 3),(6, 85, 6),(33, 78, 7),(41, 62, 3),(95, 85, 10),(4, 83, 2),(94, 83, 2),(70, 95, 7),(10, 77, 6),(92, 22, 4),(29, 63, 5),(92, 3, 5),(56, 98, 1),(58, 57, 9),(92, 55, 7),(43, 53, 6),(7, 70, 6),(21, 73, 6),(34, 20, 9),(5, 15, 2),(80, 19, 9),(38, 37, 4),(39, 78, 1),(28, 71, 8),(19, 74, 10),(73, 70, 5),(16, 90, 3),(90, 38, 5),(59, 72, 1),(93, 34, 4),(7, 81, 10),(42, 97, 8),(19, 24, 4),(26, 48, 3),(81, 49, 6),(23, 26, 1),(75, 32, 9),(24, 7, 10),(63, 47, 5),(12, 25, 8),(91, 39, 2),(58, 91, 6),(50, 51, 5),(13, 49, 1),(20, 43, 9),(88, 38, 2),(52, 60, 8),(50, 14, 4),(100, 35, 9),(61, 27, 5),(42, 32, 2),(80, 2, 2),(72, 97, 9),(4, 73, 6),(7, 52, 10),(66, 95, 7),(83, 8, 4),(31, 36, 4),(21, 78, 6),(13, 47, 10),(85, 68, 2),(25, 52, 5),(79, 85, 4),(41, 15, 7),(59, 69, 4),(9, 10, 7),(55, 16, 5),(85, 64, 6),(11, 88, 2),(45, 1, 10),(21, 15, 7),(98, 41, 8),(86, 39, 2),(79, 38, 10),(66, 83, 10),(9, 49, 10),(33, 42, 3),(7, 25, 9);


-- 100
INSERT INTO required_material (product_id, material_id, quantity) VALUES (57, 43, 6),(38, 83, 10),(8, 1, 2),(74, 67, 8),(46, 8, 6),(61, 4, 9),(75, 45, 3),(59, 21, 2),(67, 82, 5),(37, 35, 1),(35, 75, 8),(19, 58, 7),(76, 73, 2),(64, 79, 6),(25, 69, 1),(89, 84, 10),(36, 1, 8),(98, 73, 10),(40, 45, 9),(42, 55, 6),(99, 48, 3),(68, 39, 5),(65, 35, 3),(6, 85, 6),(33, 78, 7),(41, 62, 3),(95, 85, 10),(4, 83, 2),(94, 83, 2),(70, 95, 7),(10, 77, 6),(92, 22, 4),(29, 63, 5),(92, 3, 5),(56, 98, 1),(58, 57, 9),(92, 55, 7),(43, 53, 6),(7, 70, 6),(21, 73, 6),(34, 20, 9),(5, 15, 2),(80, 19, 9),(38, 37, 4),(39, 78, 1),(28, 71, 8),(19, 74, 10),(73, 70, 5),(16, 90, 3),(90, 38, 5),(59, 72, 1),(93, 34, 4),(7, 81, 10),(42, 97, 8),(19, 24, 4),(26, 48, 3),(81, 49, 6),(23, 26, 1),(75, 32, 9),(24, 7, 10),(63, 47, 5),(12, 25, 8),(91, 39, 2),(58, 91, 6),(50, 51, 5),(13, 49, 1),(20, 43, 9),(88, 38, 2),(52, 60, 8),(50, 14, 4),(100, 35, 9),(61, 27, 5),(42, 32, 2),(80, 2, 2),(72, 97, 9),(4, 73, 6),(7, 52, 10),(66, 95, 7),(83, 8, 4),(31, 36, 4),(21, 78, 6),(13, 47, 10),(85, 68, 2),(25, 52, 5),(79, 85, 4),(41, 15, 7),(59, 69, 4),(9, 10, 7),(55, 16, 5),(85, 64, 6),(11, 88, 2),(45, 1, 10),(21, 15, 7),(98, 41, 8),(86, 39, 2),(79, 38, 10),(66, 83, 10),(9, 49, 10),(33, 42, 3),(7, 25, 9);


-- 100
INSERT INTO order_contain_product (order_id, product_id, quantity) VALUES (1, 32, 5), (2, 33, 5), (3, 34, 8), (4, 35, 9), (5, 36, 8), (6, 37, 8), (7, 38, 6), (8, 39, 7), (9, 40, 6), (10, 41, 5), (11, 42, 6), (12, 43, 5), (13, 44, 6), (14, 45, 10), (15, 46, 10), (16, 47, 2), (17, 48, 4), (18, 49, 5), (19, 50, 6), (20, 51, 4), (21, 52, 10), (22, 53, 5), (23, 54, 6), (24, 55, 1), (25, 56, 2), (26, 57, 9), (27, 58, 10), (28, 59, 1), (29, 60, 6), (30, 61, 2), (31, 62, 1), (32, 63, 4), (33, 64, 2), (34, 65, 5), (35, 66, 4), (36, 67, 3), (37, 68, 8), (38, 69, 10), (39, 70, 4), (40, 71, 3), (41, 72, 4), (42, 73, 2), (43, 74, 8), (44, 75, 7), (45, 76, 5), (46, 77, 2), (47, 78, 9), (48, 79, 10), (49, 80, 5), (50, 81, 9), (51, 82, 5), (52, 83, 5), (53, 84, 8), (54, 85, 8), (55, 86, 7), (56, 87, 2), (57, 88, 6), (58, 89, 7), (59, 90, 2), (60, 91, 10), (61, 92, 7), (62, 93, 6), (63, 94, 6), (64, 95, 3), (65, 96, 10), (66, 97, 3), (67, 98, 4), (68, 99, 3), (69, 100, 8), (70, 1, 3), (71, 2, 2), (72, 3, 3), (73, 4, 7), (74, 5, 5), (75, 6, 6), (76, 7, 9), (77, 8, 6), (78, 9, 4), (79, 10, 8), (80, 11, 1), (81, 12, 5), (82, 13, 6), (83, 14, 1), (84, 15, 3), (85, 16, 4), (86, 17, 7), (87, 18, 7), (88, 19, 5), (89, 20, 4), (90, 21, 6), (91, 22, 2), (92, 23, 1), (93, 24, 5), (94, 25, 2), (95, 26, 10), (96, 27, 3), (97, 28, 1), (98, 29, 2), (99, 30, 10), (100, 31, 3);


-- 100 material orders
INSERT INTO material_order (supplier_id, price, created_at, delivered_at, progress) VALUES (15, 610, '2023-02-22 00:00:00', '2023-03-14 00:00:00', '{"stage 1": "recieved 8 kg", "stage 2": "recieved 11 kg", "stage 3": "recieved 3 kg", "stage 4": "recieved 13 kg", "stage 5": "recieved 12 kg, order completed"}'), (8, 4770, '2023-10-12 00:00:00', '2023-11-10 00:00:00', '{"stage 1": "recieved 12 kg", "stage 2": "recieved 14 kg", "stage 3": "recieved 10 kg", "stage 4": "recieved 10 kg, order completed"}'), (89, 4350, '2023-01-17 00:00:00', '2023-02-03 00:00:00', '{"stage 1": "recieved 14 kg", "stage 2": "recieved 6 kg", "stage 3": "recieved 2 kg, order completed"}'), (68, 3280, '2023-01-21 00:00:00', '2023-02-15 00:00:00', '{"stage 1": "recieved 3 kg, order completed"}'), (61, 880, '2023-03-16 00:00:00', '2023-04-01 00:00:00', '{"stage 1": "recieved 6 kg", "stage 2": "recieved 10 kg", "stage 3": "recieved 7 kg, order completed"}'), (48, 2060, '2023-09-25 00:00:00', '2023-10-13 00:00:00', '{"stage 1": "recieved 7 kg, order completed"}'), (24, 2550, '2023-04-09 00:00:00', '2023-05-02 00:00:00', '{"stage 1": "recieved 12 kg", "stage 2": "recieved 6 kg, order completed"}'), (7, 3870, '2023-08-30 00:00:00', '2023-09-08 00:00:00', '{"stage 1": "recieved 12 kg", "stage 2": "recieved 1 kg, order completed"}'), (53, 970, '2023-07-27 00:00:00', '2023-08-18 00:00:00', '{"stage 1": "recieved 15 kg", "stage 2": "recieved 10 kg", "stage 3": "recieved 11 kg, order completed"}'), (51, 3240, '2023-03-30 00:00:00', '2023-04-15 00:00:00', '{"stage 1": "recieved 1 kg", "stage 2": "recieved 4 kg", "stage 3": "recieved 6 kg", "stage 4": "recieved 4 kg", "stage 5": "recieved 4 kg, order completed"}'), (10, 2810, '2023-02-02 00:00:00', '2023-03-04 00:00:00', '{"stage 1": "recieved 3 kg", "stage 2": "recieved 11 kg", "stage 3": "recieved 15 kg, order completed"}'), (70, 4530, '2023-04-22 00:00:00', '2023-05-10 00:00:00', '{"stage 1": "recieved 9 kg", "stage 2": "recieved 13 kg", "stage 3": "recieved 10 kg", "stage 4": "recieved 15 kg, order completed"}'), (84, 3530, '2023-02-02 00:00:00', '2023-03-04 00:00:00', '{"stage 1": "recieved 7 kg", "stage 2": "recieved 2 kg", "stage 3": "recieved 12 kg, order completed"}'), (83, 2490, '2023-03-05 00:00:00', '2023-03-18 00:00:00', '{"stage 1": "recieved 3 kg", "stage 2": "recieved 3 kg", "stage 3": "recieved 9 kg, order completed"}'), (86, 2470, '2023-05-13 00:00:00', '2023-05-27 00:00:00', '{"stage 1": "recieved 14 kg", "stage 2": "recieved 6 kg", "stage 3": "recieved 15 kg, order completed"}'), (95, 3220, '2023-11-07 00:00:00', '2023-11-28 00:00:00', '{"stage 1": "recieved 1 kg", "stage 2": "recieved 11 kg", "stage 3": "recieved 9 kg", "stage 4": "recieved 2 kg", "stage 5": "recieved 10 kg, order completed"}'), (99, 2080, '2023-08-08 00:00:00', '2023-09-01 00:00:00', '{"stage 1": "recieved 6 kg", "stage 2": "recieved 10 kg", "stage 3": "recieved 3 kg", "stage 4": "recieved 7 kg", "stage 5": "recieved 1 kg, order completed"}'), (30, 4780, '2023-12-07 00:00:00', '2024-01-03 00:00:00', '{"stage 1": "recieved 1 kg", "stage 2": "recieved 4 kg, order completed"}'), (14, 4620, '2023-03-08 00:00:00', '2023-03-23 00:00:00', '{"stage 1": "recieved 5 kg", "stage 2": "recieved 12 kg", "stage 3": "recieved 11 kg", "stage 4": "recieved 13 kg, order completed"}'), (72, 3670, '2023-06-23 00:00:00', '2023-07-22 00:00:00', '{"stage 1": "recieved 2 kg", "stage 2": "recieved 4 kg", "stage 3": "recieved 14 kg", "stage 4": "recieved 15 kg", "stage 5": "recieved 9 kg, order completed"}'), (16, 4400, '2023-12-23 00:00:00', '2024-01-17 00:00:00', '{"stage 1": "recieved 9 kg", "stage 2": "recieved 11 kg", "stage 3": "recieved 3 kg", "stage 4": "recieved 7 kg, order completed"}'), (9, 1820, '2023-02-23 00:00:00', '2023-03-21 00:00:00', '{"stage 1": "recieved 15 kg", "stage 2": "recieved 5 kg", "stage 3": "recieved 6 kg", "stage 4": "recieved 10 kg", "stage 5": "recieved 9 kg, order completed"}'), (70, 1640, '2023-11-10 00:00:00', '2023-12-06 00:00:00', '{"stage 1": "recieved 11 kg", "stage 2": "recieved 7 kg", "stage 3": "recieved 5 kg, order completed"}'), (1, 2550, '2023-10-30 00:00:00', '2023-11-19 00:00:00', '{"stage 1": "recieved 2 kg", "stage 2": "recieved 15 kg", "stage 3": "recieved 4 kg, order completed"}'), (44, 2520, '2023-12-13 00:00:00', '2023-12-22 00:00:00', '{"stage 1": "recieved 8 kg", "stage 2": "recieved 12 kg, order completed"}'), (2, 3660, '2023-03-16 00:00:00', '2023-03-30 00:00:00', '{"stage 1": "recieved 10 kg", "stage 2": "recieved 7 kg", "stage 3": "recieved 3 kg", "stage 4": "recieved 14 kg", "stage 5": "recieved 11 kg, order completed"}'), (65, 3570, '2023-10-22 00:00:00', '2023-10-26 00:00:00', '{"stage 1": "recieved 7 kg", "stage 2": "recieved 3 kg", "stage 3": "recieved 12 kg", "stage 4": "recieved 9 kg", "stage 5": "recieved 13 kg, order completed"}'), (2, 4090, '2023-08-28 00:00:00', '2023-09-16 00:00:00', '{"stage 1": "recieved 2 kg", "stage 2": "recieved 13 kg", "stage 3": "recieved 8 kg, order completed"}'), (78, 3180, '2023-11-13 00:00:00', '2023-12-13 00:00:00', '{"stage 1": "recieved 13 kg", "stage 2": "recieved 13 kg", "stage 3": "recieved 7 kg, order completed"}'), (89, 1640, '2023-05-25 00:00:00', '2023-06-18 00:00:00', '{"stage 1": "recieved 12 kg", "stage 2": "recieved 11 kg", "stage 3": "recieved 12 kg", "stage 4": "recieved 14 kg", "stage 5": "recieved 1 kg, order completed"}'), (96, 700, '2023-07-24 00:00:00', '2023-08-22 00:00:00', '{"stage 1": "recieved 15 kg", "stage 2": "recieved 15 kg", "stage 3": "recieved 3 kg", "stage 4": "recieved 1 kg", "stage 5": "recieved 1 kg, order completed"}'), (83, 1500, '2023-10-07 00:00:00', '2023-10-14 00:00:00', '{"stage 1": "recieved 2 kg", "stage 2": "recieved 3 kg", "stage 3": "recieved 14 kg, order completed"}'), (95, 1350, '2023-03-27 00:00:00', '2023-04-09 00:00:00', '{"stage 1": "recieved 4 kg, order completed"}'), (82, 650, '2023-02-02 00:00:00', '2023-02-12 00:00:00', '{"stage 1": "recieved 15 kg", "stage 2": "recieved 1 kg", "stage 3": "recieved 10 kg", "stage 4": "recieved 13 kg, order completed"}'), (90, 2000, '2023-05-09 00:00:00', '2023-05-17 00:00:00', '{"stage 1": "recieved 1 kg", "stage 2": "recieved 13 kg", "stage 3": "recieved 7 kg", "stage 4": "recieved 10 kg", "stage 5": "recieved 9 kg, order completed"}'), (55, 4800, '2023-12-23 00:00:00', '2024-01-13 00:00:00', '{"stage 1": "recieved 13 kg", "stage 2": "recieved 8 kg, order completed"}'), (80, 1070, '2023-06-12 00:00:00', '2023-06-29 00:00:00', '{"stage 1": "recieved 2 kg", "stage 2": "recieved 12 kg", "stage 3": "recieved 9 kg", "stage 4": "recieved 15 kg, order completed"}'), (16, 3000, '2023-07-01 00:00:00', '2023-07-30 00:00:00', '{"stage 1": "recieved 15 kg", "stage 2": "recieved 12 kg", "stage 3": "recieved 4 kg", "stage 4": "recieved 9 kg", "stage 5": "recieved 11 kg, order completed"}'), (52, 2090, '2023-05-14 00:00:00', '2023-05-27 00:00:00', '{"stage 1": "recieved 10 kg", "stage 2": "recieved 3 kg", "stage 3": "recieved 11 kg", "stage 4": "recieved 13 kg", "stage 5": "recieved 12 kg, order completed"}'), (55, 4690, '2023-01-15 00:00:00', '2023-01-25 00:00:00', '{"stage 1": "recieved 12 kg", "stage 2": "recieved 7 kg, order completed"}'), (45, 1210, '2023-02-18 00:00:00', '2023-03-03 00:00:00', '{"stage 1": "recieved 15 kg", "stage 2": "recieved 4 kg, order completed"}'), (22, 3980, '2023-07-08 00:00:00', '2023-07-26 00:00:00', '{"stage 1": "recieved 8 kg", "stage 2": "recieved 9 kg, order completed"}'), (18, 1370, '2023-06-22 00:00:00', '2023-07-21 00:00:00', '{"stage 1": "recieved 2 kg", "stage 2": "recieved 8 kg", "stage 3": "recieved 11 kg", "stage 4": "recieved 2 kg", "stage 5": "recieved 5 kg, order completed"}'), (66, 3040, '2023-11-17 00:00:00', '2023-12-16 00:00:00', '{"stage 1": "recieved 10 kg", "stage 2": "recieved 5 kg, order completed"}'), (55, 4300, '2023-08-11 00:00:00', '2023-09-06 00:00:00', '{"stage 1": "recieved 3 kg", "stage 2": "recieved 7 kg, order completed"}'), (28, 1710, '2023-01-24 00:00:00', '2023-02-05 00:00:00', '{"stage 1": "recieved 3 kg, order completed"}'), (36, 1110, '2023-04-01 00:00:00', '2023-04-14 00:00:00', '{"stage 1": "recieved 3 kg, order completed"}'), (97, 2470, '2023-08-08 00:00:00', '2023-08-30 00:00:00', '{"stage 1": "recieved 15 kg", "stage 2": "recieved 6 kg", "stage 3": "recieved 13 kg", "stage 4": "recieved 8 kg", "stage 5": "recieved 5 kg, order completed"}'), (75, 1770, '2023-02-07 00:00:00', '2023-02-10 00:00:00', '{"stage 1": "recieved 2 kg", "stage 2": "recieved 5 kg", "stage 3": "recieved 5 kg", "stage 4": "recieved 9 kg", "stage 5": "recieved 5 kg, order completed"}'), (76, 3430, '2023-07-19 00:00:00', '2023-08-07 00:00:00', '{"stage 1": "recieved 8 kg, order completed"}'), (65, 3740, '2023-03-25 00:00:00', '2023-04-05 00:00:00', '{"stage 1": "recieved 3 kg, order completed"}'), (65, 1970, '2023-05-30 00:00:00', '2023-06-20 00:00:00', '{"stage 1": "recieved 14 kg", "stage 2": "recieved 3 kg", "stage 3": "recieved 8 kg", "stage 4": "recieved 11 kg, order completed"}'), (24, 1120, '2023-11-04 00:00:00', '2023-11-09 00:00:00', '{"stage 1": "recieved 2 kg", "stage 2": "recieved 1 kg", "stage 3": "recieved 6 kg", "stage 4": "recieved 13 kg, order completed"}'), (36, 4760, '2023-05-08 00:00:00', '2023-05-16 00:00:00', '{"stage 1": "recieved 13 kg", "stage 2": "recieved 1 kg", "stage 3": "recieved 9 kg, order completed"}'), (84, 1570, '2023-08-31 00:00:00', '2023-09-03 00:00:00', '{"stage 1": "recieved 13 kg", "stage 2": "recieved 8 kg", "stage 3": "recieved 11 kg", "stage 4": "recieved 12 kg, order completed"}'), (99, 3000, '2023-09-28 00:00:00', '2023-10-13 00:00:00', '{"stage 1": "recieved 6 kg, order completed"}'), (17, 3220, '2023-10-06 00:00:00', '2023-10-30 00:00:00', '{"stage 1": "recieved 10 kg, order completed"}'), (21, 3220, '2023-09-01 00:00:00', '2023-09-11 00:00:00', '{"stage 1": "recieved 5 kg, order completed"}'), (21, 1090, '2023-05-04 00:00:00', '2023-05-28 00:00:00', '{"stage 1": "recieved 15 kg", "stage 2": "recieved 12 kg, order completed"}'), (95, 2640, '2023-06-29 00:00:00', '2023-07-22 00:00:00', '{"stage 1": "recieved 3 kg", "stage 2": "recieved 6 kg", "stage 3": "recieved 11 kg", "stage 4": "recieved 13 kg", "stage 5": "recieved 7 kg, order completed"}'), (63, 4930, '2023-05-14 00:00:00', '2023-05-19 00:00:00', '{"stage 1": "recieved 15 kg", "stage 2": "recieved 15 kg, order completed"}'), (94, 2220, '2023-01-03 00:00:00', '2023-01-31 00:00:00', '{"stage 1": "recieved 3 kg", "stage 2": "recieved 6 kg, order completed"}'), (84, 1900, '2023-12-22 00:00:00', '2024-01-12 00:00:00', '{"stage 1": "recieved 1 kg, order completed"}'), (18, 3670, '2023-07-05 00:00:00', '2023-08-01 00:00:00', '{"stage 1": "recieved 9 kg", "stage 2": "recieved 11 kg, order completed"}'), (99, 4630, '2023-10-17 00:00:00', '2023-10-23 00:00:00', '{"stage 1": "recieved 15 kg", "stage 2": "recieved 11 kg, order completed"}'), (4, 4250, '2023-11-10 00:00:00', '2023-12-04 00:00:00', '{"stage 1": "recieved 11 kg", "stage 2": "recieved 7 kg", "stage 3": "recieved 10 kg", "stage 4": "recieved 10 kg, order completed"}'), (80, 1360, '2023-10-20 00:00:00', '2023-11-06 00:00:00', '{"stage 1": "recieved 12 kg", "stage 2": "recieved 7 kg", "stage 3": "recieved 6 kg", "stage 4": "recieved 11 kg, order completed"}'), (24, 1320, '2023-12-22 00:00:00', '2023-12-30 00:00:00', '{"stage 1": "recieved 7 kg, order completed"}'), (27, 4530, '2023-12-28 00:00:00', '2024-01-05 00:00:00', '{"stage 1": "recieved 14 kg", "stage 2": "recieved 8 kg", "stage 3": "recieved 3 kg", "stage 4": "recieved 10 kg, order completed"}'), (71, 1310, '2023-01-13 00:00:00', '2023-01-22 00:00:00', '{"stage 1": "recieved 5 kg", "stage 2": "recieved 7 kg, order completed"}'), (36, 3140, '2023-05-30 00:00:00', '2023-06-02 00:00:00', '{"stage 1": "recieved 6 kg", "stage 2": "recieved 9 kg, order completed"}'), (13, 4720, '2023-08-23 00:00:00', '2023-09-10 00:00:00', '{"stage 1": "recieved 8 kg", "stage 2": "recieved 6 kg, order completed"}'), (63, 2830, '2023-02-16 00:00:00', '2023-03-10 00:00:00', '{"stage 1": "recieved 2 kg", "stage 2": "recieved 4 kg", "stage 3": "recieved 1 kg", "stage 4": "recieved 2 kg", "stage 5": "recieved 2 kg, order completed"}'), (34, 3270, '2023-06-02 00:00:00', '2023-06-03 00:00:00', '{"stage 1": "recieved 6 kg", "stage 2": "recieved 11 kg, order completed"}'), (71, 4370, '2023-06-28 00:00:00', '2023-07-22 00:00:00', '{"stage 1": "recieved 13 kg", "stage 2": "recieved 6 kg", "stage 3": "recieved 11 kg, order completed"}'), (18, 570, '2023-12-12 00:00:00', '2024-01-03 00:00:00', '{"stage 1": "recieved 7 kg", "stage 2": "recieved 6 kg, order completed"}'), (61, 1210, '2023-05-07 00:00:00', '2023-06-04 00:00:00', '{"stage 1": "recieved 5 kg", "stage 2": "recieved 5 kg, order completed"}'), (45, 4740, '2023-02-13 00:00:00', '2023-02-17 00:00:00', '{"stage 1": "recieved 13 kg", "stage 2": "recieved 1 kg, order completed"}'), (42, 4980, '2023-01-22 00:00:00', '2023-02-13 00:00:00', '{"stage 1": "recieved 9 kg, order completed"}'), (26, 2290, '2023-07-11 00:00:00', '2023-07-18 00:00:00', '{"stage 1": "recieved 12 kg", "stage 2": "recieved 5 kg, order completed"}'), (92, 4400, '2023-02-17 00:00:00', '2023-02-28 00:00:00', '{"stage 1": "recieved 5 kg, order completed"}'), (96, 4090, '2023-11-05 00:00:00', '2023-11-17 00:00:00', '{"stage 1": "recieved 13 kg", "stage 2": "recieved 6 kg", "stage 3": "recieved 5 kg, order completed"}'), (68, 3990, '2023-09-25 00:00:00', '2023-10-03 00:00:00', '{"stage 1": "recieved 11 kg", "stage 2": "recieved 14 kg, order completed"}'), (92, 600, '2023-11-27 00:00:00', '2023-12-11 00:00:00', '{"stage 1": "recieved 8 kg, order completed"}'), (20, 590, '2023-07-10 00:00:00', '2023-07-30 00:00:00', '{"stage 1": "recieved 8 kg", "stage 2": "recieved 12 kg", "stage 3": "recieved 7 kg, order completed"}'), (28, 1620, '2023-03-06 00:00:00', '2023-03-27 00:00:00', '{"stage 1": "recieved 14 kg", "stage 2": "recieved 8 kg", "stage 3": "recieved 8 kg, order completed"}'), (35, 4920, '2023-11-26 00:00:00', '2023-12-18 00:00:00', '{"stage 1": "recieved 12 kg", "stage 2": "recieved 3 kg", "stage 3": "recieved 11 kg, order completed"}'), (8, 3460, '2023-04-06 00:00:00', '2023-04-25 00:00:00', '{"stage 1": "recieved 9 kg, order completed"}'), (6, 1610, '2023-05-31 00:00:00', '2023-06-16 00:00:00', '{"stage 1": "recieved 15 kg", "stage 2": "recieved 4 kg", "stage 3": "recieved 3 kg", "stage 4": "recieved 10 kg", "stage 5": "recieved 13 kg, order completed"}'), (17, 3880, '2023-06-18 00:00:00', '2023-06-24 00:00:00', '{"stage 1": "recieved 11 kg", "stage 2": "recieved 6 kg", "stage 3": "recieved 10 kg, order completed"}'), (53, 5000, '2023-08-23 00:00:00', '2023-09-13 00:00:00', '{"stage 1": "recieved 9 kg", "stage 2": "recieved 3 kg, order completed"}'), (71, 960, '2023-04-15 00:00:00', '2023-04-19 00:00:00', '{"stage 1": "recieved 2 kg", "stage 2": "recieved 4 kg", "stage 3": "recieved 13 kg, order completed"}'), (98, 3560, '2023-12-23 00:00:00', '2024-01-10 00:00:00', '{"stage 1": "recieved 4 kg", "stage 2": "recieved 11 kg", "stage 3": "recieved 1 kg", "stage 4": "recieved 13 kg", "stage 5": "recieved 6 kg, order completed"}'), (9, 3920, '2023-07-14 00:00:00', '2023-07-21 00:00:00', '{"stage 1": "recieved 4 kg", "stage 2": "recieved 5 kg", "stage 3": "recieved 4 kg", "stage 4": "recieved 15 kg", "stage 5": "recieved 12 kg, order completed"}'), (54, 2110, '2023-02-14 00:00:00', '2023-02-24 00:00:00', '{"stage 1": "recieved 8 kg", "stage 2": "recieved 5 kg", "stage 3": "recieved 7 kg, order completed"}'), (47, 4320, '2023-02-26 00:00:00', '2023-02-28 00:00:00', '{"stage 1": "recieved 2 kg", "stage 2": "recieved 2 kg", "stage 3": "recieved 7 kg", "stage 4": "recieved 10 kg, order completed"}'), (31, 2760, '2023-05-02 00:00:00', '2023-05-19 00:00:00', '{"stage 1": "recieved 1 kg", "stage 2": "recieved 8 kg, order completed"}'), (62, 2210, '2023-02-20 00:00:00', '2023-03-20 00:00:00', '{"stage 1": "recieved 5 kg", "stage 2": "recieved 9 kg, order completed"}'), (72, 4770, '2023-08-02 00:00:00', '2023-08-09 00:00:00', '{"stage 1": "recieved 7 kg", "stage 2": "recieved 6 kg", "stage 3": "recieved 8 kg", "stage 4": "recieved 7 kg", "stage 5": "recieved 7 kg, order completed"}'), (90, 2700, '2023-05-25 00:00:00', '2023-06-03 00:00:00', '{"stage 1": "recieved 8 kg", "stage 2": "recieved 5 kg", "stage 3": "recieved 3 kg, order completed"}');


-- 100
INSERT INTO order_contain_material (material_order_id, material_id, quantity) VALUES (1, 32, 5), (2, 33, 5), (3, 34, 8), (4, 35, 9), (5, 36, 8), (6, 37, 8), (7, 38, 6), (8, 39, 7), (9, 40, 6), (10, 41, 5), (11, 42, 6), (12, 43, 5), (13, 44, 6), (14, 45, 10), (15, 46, 10), (16, 47, 2), (17, 48, 4), (18, 49, 5), (19, 50, 6), (20, 51, 4), (21, 52, 10), (22, 53, 5), (23, 54, 6), (24, 55, 1), (25, 56, 2), (26, 57, 9), (27, 58, 10), (28, 59, 1), (29, 60, 6), (30, 61, 2), (31, 62, 1), (32, 63, 4), (33, 64, 2), (34, 65, 5), (35, 66, 4), (36, 67, 3), (37, 68, 8), (38, 69, 10), (39, 70, 4), (40, 71, 3), (41, 72, 4), (42, 73, 2), (43, 74, 8), (44, 75, 7), (45, 76, 5), (46, 77, 2), (47, 78, 9), (48, 79, 10), (49, 80, 5), (50, 81, 9), (51, 82, 5), (52, 83, 5), (53, 84, 8), (54, 85, 8), (55, 86, 7), (56, 87, 2), (57, 88, 6), (58, 89, 7), (59, 90, 2), (60, 91, 10), (61, 92, 7), (62, 93, 6), (63, 94, 6), (64, 95, 3), (65, 96, 10), (66, 97, 3), (67, 98, 4), (68, 99, 3), (69, 100, 8), (70, 1, 3), (71, 2, 2), (72, 3, 3), (73, 4, 7), (74, 5, 5), (75, 6, 6), (76, 7, 9), (77, 8, 6), (78, 9, 4), (79, 10, 8), (80, 11, 1), (81, 12, 5), (82, 13, 6), (83, 14, 1), (84, 15, 3), (85, 16, 4), (86, 17, 7), (87, 18, 7), (88, 19, 5), (89, 20, 4), (90, 21, 6), (91, 22, 2), (92, 23, 1), (93, 24, 5), (94, 25, 2), (95, 26, 10), (96, 27, 3), (97, 28, 1), (98, 29, 2), (99, 30, 10), (100, 31, 3);


-- 100 client revenue
INSERT INTO client_revenue (client_id, revenue) VALUES
(1, '{"Jan-2023": 80.26, "Feb-2023": 85.1, "Mar-2023": 82.23, "Apr-2023": 87.87, "May-2023": 94.11, "Jun-2023": 80.24, "Jul-2023": 97.4, "Aug-2023": 113.51, "Sep-2023": 101.3, "Oct-2023": 104.28, "Nov-2023": 112.48, "Dec-2023": 85.01}'),
(2, '{"Jan-2023": 99.86, "Feb-2023": 86.95, "Mar-2023": 92.65, "Apr-2023": 102.6, "May-2023": 87.23, "Jun-2023": 116.3, "Jul-2023": 103.16, "Aug-2023": 108.09, "Sep-2023": 98.4, "Oct-2023": 108.49, "Nov-2023": 82.99, "Dec-2023": 95.85}'),
(3, '{"Jan-2023": 80.06, "Feb-2023": 109.31, "Mar-2023": 106.51, "Apr-2023": 104.2, "May-2023": 94.95, "Jun-2023": 115.12, "Jul-2023": 106.95, "Aug-2023": 98.25, "Sep-2023": 101.21, "Oct-2023": 92.01, "Nov-2023": 94.04, "Dec-2023": 89.54}'),
(4, '{"Jan-2023": 105.1, "Feb-2023": 94.09, "Mar-2023": 118.06, "Apr-2023": 100.53, "May-2023": 88.39, "Jun-2023": 82.15, "Jul-2023": 86.23, "Aug-2023": 117.68, "Sep-2023": 81.07, "Oct-2023": 109.87, "Nov-2023": 106.64, "Dec-2023": 110.9}'),
(5, '{"Jan-2023": 87.16, "Feb-2023": 81.5, "Mar-2023": 114.69, "Apr-2023": 112.17, "May-2023": 111.75, "Jun-2023": 85.0, "Jul-2023": 97.17, "Aug-2023": 97.42, "Sep-2023": 93.98, "Oct-2023": 103.35, "Nov-2023": 84.47, "Dec-2023": 115.92}'),
(6, '{"Jan-2023": 91.97, "Feb-2023": 104.18, "Mar-2023": 105.13, "Apr-2023": 105.34, "May-2023": 92.13, "Jun-2023": 88.81, "Jul-2023": 88.4, "Aug-2023": 110.7, "Sep-2023": 110.36, "Oct-2023": 118.46, "Nov-2023": 103.56, "Dec-2023": 113.38}'),
(7, '{"Jan-2023": 110.29, "Feb-2023": 87.62, "Mar-2023": 95.78, "Apr-2023": 107.01, "May-2023": 80.65, "Jun-2023": 81.47, "Jul-2023": 117.77, "Aug-2023": 117.98, "Sep-2023": 119.46, "Oct-2023": 111.0, "Nov-2023": 102.67, "Dec-2023": 98.99}'),
(8, '{"Jan-2023": 106.13, "Feb-2023": 116.74, "Mar-2023": 95.59, "Apr-2023": 98.61, "May-2023": 84.81, "Jun-2023": 90.7, "Jul-2023": 92.05, "Aug-2023": 116.61, "Sep-2023": 99.72, "Oct-2023": 114.53, "Nov-2023": 87.87, "Dec-2023": 101.49}'),
(9, '{"Jan-2023": 105.13, "Feb-2023": 101.64, "Mar-2023": 88.2, "Apr-2023": 96.57, "May-2023": 84.34, "Jun-2023": 81.72, "Jul-2023": 105.47, "Aug-2023": 112.86, "Sep-2023": 81.6, "Oct-2023": 102.29, "Nov-2023": 92.94, "Dec-2023": 114.56}'),
(10, '{"Jan-2023": 87.67, "Feb-2023": 91.09, "Mar-2023": 107.93, "Apr-2023": 102.32, "May-2023": 90.54, "Jun-2023": 81.78, "Jul-2023": 113.44, "Aug-2023": 106.48, "Sep-2023": 86.78, "Oct-2023": 93.8, "Nov-2023": 91.73, "Dec-2023": 92.77}'),
(11, '{"Jan-2023": 80.93, "Feb-2023": 88.1, "Mar-2023": 113.18, "Apr-2023": 100.11, "May-2023": 103.4, "Jun-2023": 103.1, "Jul-2023": 114.2, "Aug-2023": 96.12, "Sep-2023": 93.33, "Oct-2023": 95.11, "Nov-2023": 81.31, "Dec-2023": 92.71}'),
(12, '{"Jan-2023": 81.26, "Feb-2023": 93.53, "Mar-2023": 103.75, "Apr-2023": 107.43, "May-2023": 87.09, "Jun-2023": 104.22, "Jul-2023": 99.62, "Aug-2023": 103.66, "Sep-2023": 114.62, "Oct-2023": 92.26, "Nov-2023": 98.34, "Dec-2023": 110.18}'),
(13, '{"Jan-2023": 85.41, "Feb-2023": 96.96, "Mar-2023": 92.46, "Apr-2023": 119.35, "May-2023": 112.59, "Jun-2023": 103.7, "Jul-2023": 109.94, "Aug-2023": 97.53, "Sep-2023": 116.46, "Oct-2023": 87.19, "Nov-2023": 90.81, "Dec-2023": 87.59}'),
(14, '{"Jan-2023": 116.65, "Feb-2023": 90.88, "Mar-2023": 107.18, "Apr-2023": 114.43, "May-2023": 105.27, "Jun-2023": 95.61, "Jul-2023": 119.09, "Aug-2023": 92.87, "Sep-2023": 104.8, "Oct-2023": 91.72, "Nov-2023": 119.81, "Dec-2023": 110.89}'),
(15, '{"Jan-2023": 100.49, "Feb-2023": 99.23, "Mar-2023": 114.92, "Apr-2023": 93.87, "May-2023": 82.69, "Jun-2023": 110.16, "Jul-2023": 85.08, "Aug-2023": 104.51, "Sep-2023": 106.24, "Oct-2023": 88.9, "Nov-2023": 96.0, "Dec-2023": 85.62}'),
(16, '{"Jan-2023": 107.64, "Feb-2023": 84.24, "Mar-2023": 86.33, "Apr-2023": 81.16, "May-2023": 115.21, "Jun-2023": 104.36, "Jul-2023": 110.07, "Aug-2023": 106.53, "Sep-2023": 107.64, "Oct-2023": 119.27, "Nov-2023": 84.88, "Dec-2023": 85.16}'),
(17, '{"Jan-2023": 92.56, "Feb-2023": 88.69, "Mar-2023": 115.38, "Apr-2023": 95.8, "May-2023": 118.1, "Jun-2023": 99.7, "Jul-2023": 117.91, "Aug-2023": 84.15, "Sep-2023": 112.48, "Oct-2023": 106.15, "Nov-2023": 102.52, "Dec-2023": 95.23}'),
(18, '{"Jan-2023": 112.02, "Feb-2023": 99.89, "Mar-2023": 101.66, "Apr-2023": 118.55, "May-2023": 93.39, "Jun-2023": 91.37, "Jul-2023": 109.57, "Aug-2023": 99.23, "Sep-2023": 82.94, "Oct-2023": 113.59, "Nov-2023": 85.89, "Dec-2023": 94.43}'),
(19, '{"Jan-2023": 96.18, "Feb-2023": 102.63, "Mar-2023": 91.91, "Apr-2023": 112.15, "May-2023": 82.7, "Jun-2023": 98.17, "Jul-2023": 92.57, "Aug-2023": 117.54, "Sep-2023": 80.69, "Oct-2023": 98.08, "Nov-2023": 104.98, "Dec-2023": 119.24}'),
(20, '{"Jan-2023": 101.04, "Feb-2023": 101.19, "Mar-2023": 116.55, "Apr-2023": 112.61, "May-2023": 91.81, "Jun-2023": 82.09, "Jul-2023": 83.98, "Aug-2023": 101.63, "Sep-2023": 92.71, "Oct-2023": 94.71, "Nov-2023": 97.46, "Dec-2023": 93.22}'),
(21, '{"Jan-2023": 95.38, "Feb-2023": 97.31, "Mar-2023": 93.35, "Apr-2023": 88.29, "May-2023": 111.85, "Jun-2023": 103.97, "Jul-2023": 114.94, "Aug-2023": 95.54, "Sep-2023": 93.55, "Oct-2023": 81.05, "Nov-2023": 85.85, "Dec-2023": 84.95}'),
(22, '{"Jan-2023": 114.41, "Feb-2023": 86.61, "Mar-2023": 81.23, "Apr-2023": 117.58, "May-2023": 101.25, "Jun-2023": 89.88, "Jul-2023": 84.18, "Aug-2023": 118.04, "Sep-2023": 108.19, "Oct-2023": 87.76, "Nov-2023": 119.24, "Dec-2023": 108.02}'),
(23, '{"Jan-2023": 88.19, "Feb-2023": 93.19, "Mar-2023": 87.15, "Apr-2023": 118.08, "May-2023": 83.11, "Jun-2023": 96.42, "Jul-2023": 89.43, "Aug-2023": 102.06, "Sep-2023": 118.54, "Oct-2023": 91.23, "Nov-2023": 95.74, "Dec-2023": 80.27}'),
(24, '{"Jan-2023": 115.53, "Feb-2023": 113.42, "Mar-2023": 83.9, "Apr-2023": 94.18, "May-2023": 80.16, "Jun-2023": 92.18, "Jul-2023": 103.65, "Aug-2023": 92.35, "Sep-2023": 118.34, "Oct-2023": 94.76, "Nov-2023": 113.46, "Dec-2023": 87.57}'),
(25, '{"Jan-2023": 118.63, "Feb-2023": 118.65, "Mar-2023": 108.13, "Apr-2023": 114.5, "May-2023": 90.51, "Jun-2023": 97.63, "Jul-2023": 90.6, "Aug-2023": 119.83, "Sep-2023": 105.57, "Oct-2023": 113.37, "Nov-2023": 97.35, "Dec-2023": 97.04}'),
(26, '{"Jan-2023": 94.41, "Feb-2023": 107.34, "Mar-2023": 104.98, "Apr-2023": 112.11, "May-2023": 101.63, "Jun-2023": 80.56, "Jul-2023": 91.54, "Aug-2023": 83.76, "Sep-2023": 117.88, "Oct-2023": 88.31, "Nov-2023": 95.18, "Dec-2023": 97.33}'),
(27, '{"Jan-2023": 105.67, "Feb-2023": 103.02, "Mar-2023": 91.55, "Apr-2023": 97.21, "May-2023": 98.06, "Jun-2023": 85.92, "Jul-2023": 95.33, "Aug-2023": 91.91, "Sep-2023": 104.59, "Oct-2023": 95.62, "Nov-2023": 109.97, "Dec-2023": 116.32}'),
(28, '{"Jan-2023": 116.84, "Feb-2023": 111.4, "Mar-2023": 98.51, "Apr-2023": 110.46, "May-2023": 110.18, "Jun-2023": 98.55, "Jul-2023": 81.37, "Aug-2023": 111.36, "Sep-2023": 98.35, "Oct-2023": 106.59, "Nov-2023": 94.06, "Dec-2023": 99.99}'),
(29, '{"Jan-2023": 106.83, "Feb-2023": 87.94, "Mar-2023": 82.26, "Apr-2023": 94.68, "May-2023": 103.77, "Jun-2023": 87.48, "Jul-2023": 115.77, "Aug-2023": 82.2, "Sep-2023": 102.2, "Oct-2023": 114.02, "Nov-2023": 111.19, "Dec-2023": 119.71}'),
(30, '{"Jan-2023": 96.3, "Feb-2023": 110.86, "Mar-2023": 112.17, "Apr-2023": 108.1, "May-2023": 104.58, "Jun-2023": 103.52, "Jul-2023": 87.67, "Aug-2023": 117.26, "Sep-2023": 94.1, "Oct-2023": 105.33, "Nov-2023": 80.92, "Dec-2023": 82.78}'),
(31, '{"Jan-2023": 80.16, "Feb-2023": 104.08, "Mar-2023": 114.8, "Apr-2023": 112.07, "May-2023": 89.32, "Jun-2023": 107.04, "Jul-2023": 83.0, "Aug-2023": 94.69, "Sep-2023": 86.9, "Oct-2023": 84.49, "Nov-2023": 100.47, "Dec-2023": 96.75}'),
(32, '{"Jan-2023": 115.82, "Feb-2023": 100.51, "Mar-2023": 98.5, "Apr-2023": 115.6, "May-2023": 93.11, "Jun-2023": 103.91, "Jul-2023": 115.64, "Aug-2023": 117.03, "Sep-2023": 111.67, "Oct-2023": 105.62, "Nov-2023": 116.26, "Dec-2023": 101.29}'),
(33, '{"Jan-2023": 108.54, "Feb-2023": 94.48, "Mar-2023": 82.42, "Apr-2023": 103.71, "May-2023": 99.68, "Jun-2023": 82.87, "Jul-2023": 80.8, "Aug-2023": 93.94, "Sep-2023": 87.72, "Oct-2023": 119.61, "Nov-2023": 110.11, "Dec-2023": 111.8}'),
(34, '{"Jan-2023": 103.34, "Feb-2023": 112.07, "Mar-2023": 80.67, "Apr-2023": 83.09, "May-2023": 109.66, "Jun-2023": 101.94, "Jul-2023": 85.66, "Aug-2023": 84.4, "Sep-2023": 105.26, "Oct-2023": 84.16, "Nov-2023": 91.74, "Dec-2023": 109.45}'),
(35, '{"Jan-2023": 106.63, "Feb-2023": 102.49, "Mar-2023": 88.46, "Apr-2023": 88.16, "May-2023": 119.12, "Jun-2023": 91.03, "Jul-2023": 119.08, "Aug-2023": 89.35, "Sep-2023": 99.21, "Oct-2023": 92.53, "Nov-2023": 91.36, "Dec-2023": 88.52}'),
(36, '{"Jan-2023": 95.36, "Feb-2023": 94.61, "Mar-2023": 92.0, "Apr-2023": 103.31, "May-2023": 111.24, "Jun-2023": 95.82, "Jul-2023": 114.18, "Aug-2023": 88.39, "Sep-2023": 85.56, "Oct-2023": 111.44, "Nov-2023": 85.03, "Dec-2023": 119.81}'),
(37, '{"Jan-2023": 92.81, "Feb-2023": 112.35, "Mar-2023": 95.2, "Apr-2023": 107.88, "May-2023": 90.88, "Jun-2023": 114.74, "Jul-2023": 84.65, "Aug-2023": 104.04, "Sep-2023": 80.16, "Oct-2023": 116.29, "Nov-2023": 102.91, "Dec-2023": 82.71}'),
(38, '{"Jan-2023": 98.84, "Feb-2023": 81.11, "Mar-2023": 97.35, "Apr-2023": 86.49, "May-2023": 117.61, "Jun-2023": 100.83, "Jul-2023": 88.26, "Aug-2023": 80.84, "Sep-2023": 111.5, "Oct-2023": 82.43, "Nov-2023": 104.98, "Dec-2023": 92.55}'),
(39, '{"Jan-2023": 117.49, "Feb-2023": 96.05, "Mar-2023": 105.38, "Apr-2023": 87.31, "May-2023": 90.73, "Jun-2023": 94.36, "Jul-2023": 112.78, "Aug-2023": 85.9, "Sep-2023": 92.72, "Oct-2023": 92.86, "Nov-2023": 93.42, "Dec-2023": 82.29}'),
(40, '{"Jan-2023": 113.24, "Feb-2023": 80.73, "Mar-2023": 96.65, "Apr-2023": 107.76, "May-2023": 85.5, "Jun-2023": 113.69, "Jul-2023": 87.67, "Aug-2023": 103.52, "Sep-2023": 108.9, "Oct-2023": 94.38, "Nov-2023": 80.55, "Dec-2023": 82.99}'),
(41, '{"Jan-2023": 87.33, "Feb-2023": 87.11, "Mar-2023": 96.01, "Apr-2023": 110.0, "May-2023": 104.5, "Jun-2023": 86.88, "Jul-2023": 113.67, "Aug-2023": 82.5, "Sep-2023": 88.74, "Oct-2023": 82.77, "Nov-2023": 97.01, "Dec-2023": 114.01}'),
(42, '{"Jan-2023": 86.52, "Feb-2023": 89.11, "Mar-2023": 117.68, "Apr-2023": 93.27, "May-2023": 105.2, "Jun-2023": 83.85, "Jul-2023": 114.65, "Aug-2023": 85.74, "Sep-2023": 109.14, "Oct-2023": 92.32, "Nov-2023": 86.92, "Dec-2023": 100.19}'),
(43, '{"Jan-2023": 85.9, "Feb-2023": 106.41, "Mar-2023": 80.92, "Apr-2023": 89.76, "May-2023": 114.51, "Jun-2023": 116.49, "Jul-2023": 114.74, "Aug-2023": 91.11, "Sep-2023": 99.3, "Oct-2023": 81.63, "Nov-2023": 96.68, "Dec-2023": 99.52}'),
(44, '{"Jan-2023": 102.01, "Feb-2023": 86.69, "Mar-2023": 96.32, "Apr-2023": 90.62, "May-2023": 106.31, "Jun-2023": 82.31, "Jul-2023": 85.64, "Aug-2023": 80.12, "Sep-2023": 93.65, "Oct-2023": 100.47, "Nov-2023": 93.29, "Dec-2023": 85.53}'),
(45, '{"Jan-2023": 82.4, "Feb-2023": 84.23, "Mar-2023": 100.9, "Apr-2023": 111.05, "May-2023": 118.54, "Jun-2023": 102.14, "Jul-2023": 105.56, "Aug-2023": 106.86, "Sep-2023": 102.86, "Oct-2023": 89.56, "Nov-2023": 86.48, "Dec-2023": 83.96}'),
(46, '{"Jan-2023": 95.57, "Feb-2023": 103.31, "Mar-2023": 110.29, "Apr-2023": 91.22, "May-2023": 98.78, "Jun-2023": 103.85, "Jul-2023": 118.8, "Aug-2023": 113.01, "Sep-2023": 109.41, "Oct-2023": 113.25, "Nov-2023": 100.98, "Dec-2023": 108.56}'),
(47, '{"Jan-2023": 111.41, "Feb-2023": 114.93, "Mar-2023": 93.61, "Apr-2023": 94.58, "May-2023": 85.88, "Jun-2023": 91.14, "Jul-2023": 85.96, "Aug-2023": 118.37, "Sep-2023": 118.41, "Oct-2023": 80.53, "Nov-2023": 113.56, "Dec-2023": 81.79}'),
(48, '{"Jan-2023": 108.83, "Feb-2023": 103.93, "Mar-2023": 116.91, "Apr-2023": 81.16, "May-2023": 117.47, "Jun-2023": 89.0, "Jul-2023": 81.06, "Aug-2023": 95.27, "Sep-2023": 99.38, "Oct-2023": 106.91, "Nov-2023": 91.98, "Dec-2023": 115.64}'),
(49, '{"Jan-2023": 82.31, "Feb-2023": 104.11, "Mar-2023": 93.17, "Apr-2023": 101.09, "May-2023": 99.5, "Jun-2023": 104.99, "Jul-2023": 104.78, "Aug-2023": 88.87, "Sep-2023": 89.72, "Oct-2023": 85.87, "Nov-2023": 84.19, "Dec-2023": 88.64}'),
(50, '{"Jan-2023": 86.87, "Feb-2023": 98.94, "Mar-2023": 104.85, "Apr-2023": 90.52, "May-2023": 103.82, "Jun-2023": 80.5, "Jul-2023": 103.68, "Aug-2023": 117.29, "Sep-2023": 94.06, "Oct-2023": 104.87, "Nov-2023": 113.19, "Dec-2023": 93.22}'),
(51, '{"Jan-2023": 105.24, "Feb-2023": 92.26, "Mar-2023": 110.53, "Apr-2023": 119.47, "May-2023": 104.75, "Jun-2023": 114.51, "Jul-2023": 103.45, "Aug-2023": 110.6, "Sep-2023": 101.32, "Oct-2023": 104.53, "Nov-2023": 107.99, "Dec-2023": 106.78}'),
(52, '{"Jan-2023": 80.03, "Feb-2023": 113.74, "Mar-2023": 96.49, "Apr-2023": 92.33, "May-2023": 82.7, "Jun-2023": 93.61, "Jul-2023": 82.59, "Aug-2023": 104.4, "Sep-2023": 104.74, "Oct-2023": 107.84, "Nov-2023": 101.65, "Dec-2023": 84.95}'),
(53, '{"Jan-2023": 85.97, "Feb-2023": 106.6, "Mar-2023": 104.77, "Apr-2023": 112.41, "May-2023": 117.65, "Jun-2023": 108.48, "Jul-2023": 93.95, "Aug-2023": 100.0, "Sep-2023": 112.12, "Oct-2023": 96.4, "Nov-2023": 90.31, "Dec-2023": 97.16}'),
(54, '{"Jan-2023": 83.68, "Feb-2023": 84.51, "Mar-2023": 105.95, "Apr-2023": 111.36, "May-2023": 104.84, "Jun-2023": 106.89, "Jul-2023": 119.53, "Aug-2023": 87.02, "Sep-2023": 91.89, "Oct-2023": 114.37, "Nov-2023": 119.21, "Dec-2023": 100.23}'),
(55, '{"Jan-2023": 106.88, "Feb-2023": 106.12, "Mar-2023": 108.64, "Apr-2023": 96.18, "May-2023": 96.35, "Jun-2023": 87.68, "Jul-2023": 117.57, "Aug-2023": 116.05, "Sep-2023": 100.28, "Oct-2023": 107.75, "Nov-2023": 90.71, "Dec-2023": 114.84}'),
(56, '{"Jan-2023": 109.93, "Feb-2023": 97.45, "Mar-2023": 87.5, "Apr-2023": 84.47, "May-2023": 106.02, "Jun-2023": 109.02, "Jul-2023": 91.73, "Aug-2023": 112.4, "Sep-2023": 108.63, "Oct-2023": 95.76, "Nov-2023": 97.6, "Dec-2023": 85.24}'),
(57, '{"Jan-2023": 108.15, "Feb-2023": 95.7, "Mar-2023": 101.37, "Apr-2023": 112.52, "May-2023": 87.0, "Jun-2023": 99.6, "Jul-2023": 89.24, "Aug-2023": 109.23, "Sep-2023": 101.92, "Oct-2023": 110.39, "Nov-2023": 96.64, "Dec-2023": 95.08}'),
(58, '{"Jan-2023": 88.55, "Feb-2023": 117.57, "Mar-2023": 98.27, "Apr-2023": 106.21, "May-2023": 99.47, "Jun-2023": 113.22, "Jul-2023": 86.74, "Aug-2023": 80.9, "Sep-2023": 92.42, "Oct-2023": 85.18, "Nov-2023": 118.91, "Dec-2023": 91.05}'),
(59, '{"Jan-2023": 114.08, "Feb-2023": 80.38, "Mar-2023": 80.18, "Apr-2023": 113.33, "May-2023": 104.72, "Jun-2023": 108.96, "Jul-2023": 89.71, "Aug-2023": 113.47, "Sep-2023": 81.94, "Oct-2023": 105.91, "Nov-2023": 81.65, "Dec-2023": 103.96}'),
(60, '{"Jan-2023": 118.79, "Feb-2023": 112.36, "Mar-2023": 91.35, "Apr-2023": 116.53, "May-2023": 98.91, "Jun-2023": 98.27, "Jul-2023": 101.72, "Aug-2023": 83.82, "Sep-2023": 83.92, "Oct-2023": 94.46, "Nov-2023": 116.68, "Dec-2023": 99.97}'),
(61, '{"Jan-2023": 99.39, "Feb-2023": 93.94, "Mar-2023": 108.82, "Apr-2023": 119.8, "May-2023": 94.3, "Jun-2023": 94.72, "Jul-2023": 80.22, "Aug-2023": 90.04, "Sep-2023": 94.05, "Oct-2023": 113.28, "Nov-2023": 112.8, "Dec-2023": 109.73}'),
(62, '{"Jan-2023": 110.71, "Feb-2023": 118.72, "Mar-2023": 104.73, "Apr-2023": 114.65, "May-2023": 82.69, "Jun-2023": 100.32, "Jul-2023": 118.78, "Aug-2023": 104.24, "Sep-2023": 111.44, "Oct-2023": 107.05, "Nov-2023": 96.98, "Dec-2023": 104.88}'),
(63, '{"Jan-2023": 80.97, "Feb-2023": 117.98, "Mar-2023": 104.36, "Apr-2023": 88.24, "May-2023": 95.78, "Jun-2023": 111.13, "Jul-2023": 94.07, "Aug-2023": 95.85, "Sep-2023": 85.0, "Oct-2023": 117.42, "Nov-2023": 111.7, "Dec-2023": 110.76}'),
(64, '{"Jan-2023": 112.32, "Feb-2023": 81.2, "Mar-2023": 88.86, "Apr-2023": 111.13, "May-2023": 94.17, "Jun-2023": 113.99, "Jul-2023": 100.39, "Aug-2023": 116.04, "Sep-2023": 118.15, "Oct-2023": 105.05, "Nov-2023": 86.93, "Dec-2023": 94.63}'),
(65, '{"Jan-2023": 113.62, "Feb-2023": 112.48, "Mar-2023": 93.02, "Apr-2023": 100.26, "May-2023": 88.43, "Jun-2023": 117.53, "Jul-2023": 102.36, "Aug-2023": 85.05, "Sep-2023": 80.29, "Oct-2023": 92.95, "Nov-2023": 92.75, "Dec-2023": 82.78}'),
(66, '{"Jan-2023": 91.65, "Feb-2023": 89.92, "Mar-2023": 81.57, "Apr-2023": 97.46, "May-2023": 114.24, "Jun-2023": 96.17, "Jul-2023": 102.53, "Aug-2023": 106.34, "Sep-2023": 110.98, "Oct-2023": 91.03, "Nov-2023": 111.09, "Dec-2023": 80.23}'),
(67, '{"Jan-2023": 89.08, "Feb-2023": 110.45, "Mar-2023": 101.99, "Apr-2023": 82.66, "May-2023": 107.26, "Jun-2023": 84.17, "Jul-2023": 115.31, "Aug-2023": 85.0, "Sep-2023": 87.44, "Oct-2023": 91.69, "Nov-2023": 116.99, "Dec-2023": 119.92}'),
(68, '{"Jan-2023": 93.2, "Feb-2023": 93.09, "Mar-2023": 80.29, "Apr-2023": 81.27, "May-2023": 108.77, "Jun-2023": 110.56, "Jul-2023": 90.28, "Aug-2023": 101.24, "Sep-2023": 95.4, "Oct-2023": 86.82, "Nov-2023": 90.55, "Dec-2023": 103.62}'),
(69, '{"Jan-2023": 109.26, "Feb-2023": 85.46, "Mar-2023": 91.2, "Apr-2023": 112.37, "May-2023": 97.89, "Jun-2023": 91.46, "Jul-2023": 113.24, "Aug-2023": 80.02, "Sep-2023": 84.62, "Oct-2023": 88.88, "Nov-2023": 111.91, "Dec-2023": 119.16}'),
(70, '{"Jan-2023": 98.75, "Feb-2023": 96.74, "Mar-2023": 87.57, "Apr-2023": 113.16, "May-2023": 108.58, "Jun-2023": 115.59, "Jul-2023": 82.06, "Aug-2023": 101.89, "Sep-2023": 95.46, "Oct-2023": 106.1, "Nov-2023": 108.21, "Dec-2023": 93.52}'),
(71, '{"Jan-2023": 105.23, "Feb-2023": 114.79, "Mar-2023": 95.58, "Apr-2023": 90.69, "May-2023": 118.88, "Jun-2023": 98.39, "Jul-2023": 100.81, "Aug-2023": 105.89, "Sep-2023": 86.25, "Oct-2023": 88.05, "Nov-2023": 100.12, "Dec-2023": 97.33}'),
(72, '{"Jan-2023": 82.19, "Feb-2023": 80.43, "Mar-2023": 108.91, "Apr-2023": 103.16, "May-2023": 105.49, "Jun-2023": 100.76, "Jul-2023": 104.82, "Aug-2023": 94.3, "Sep-2023": 103.22, "Oct-2023": 93.01, "Nov-2023": 117.21, "Dec-2023": 91.19}'),
(73, '{"Jan-2023": 94.92, "Feb-2023": 116.86, "Mar-2023": 104.18, "Apr-2023": 118.13, "May-2023": 104.55, "Jun-2023": 83.6, "Jul-2023": 115.04, "Aug-2023": 92.74, "Sep-2023": 90.06, "Oct-2023": 117.82, "Nov-2023": 107.79, "Dec-2023": 116.49}'),
(74, '{"Jan-2023": 104.05, "Feb-2023": 93.11, "Mar-2023": 86.9, "Apr-2023": 86.88, "May-2023": 101.55, "Jun-2023": 109.39, "Jul-2023": 110.71, "Aug-2023": 87.54, "Sep-2023": 100.64, "Oct-2023": 104.64, "Nov-2023": 100.47, "Dec-2023": 117.93}'),
(75, '{"Jan-2023": 107.37, "Feb-2023": 116.1, "Mar-2023": 108.32, "Apr-2023": 92.32, "May-2023": 111.33, "Jun-2023": 97.39, "Jul-2023": 81.21, "Aug-2023": 118.92, "Sep-2023": 90.8, "Oct-2023": 105.92, "Nov-2023": 97.74, "Dec-2023": 105.13}'),
(76, '{"Jan-2023": 87.93, "Feb-2023": 97.14, "Mar-2023": 116.7, "Apr-2023": 80.68, "May-2023": 102.03, "Jun-2023": 88.12, "Jul-2023": 83.4, "Aug-2023": 113.19, "Sep-2023": 90.68, "Oct-2023": 87.15, "Nov-2023": 113.97, "Dec-2023": 100.81}'),
(77, '{"Jan-2023": 96.57, "Feb-2023": 98.31, "Mar-2023": 103.08, "Apr-2023": 102.76, "May-2023": 114.73, "Jun-2023": 83.75, "Jul-2023": 88.95, "Aug-2023": 83.51, "Sep-2023": 83.08, "Oct-2023": 85.38, "Nov-2023": 118.38, "Dec-2023": 106.9}'),
(78, '{"Jan-2023": 101.24, "Feb-2023": 106.01, "Mar-2023": 92.24, "Apr-2023": 99.89, "May-2023": 119.14, "Jun-2023": 92.87, "Jul-2023": 99.15, "Aug-2023": 85.43, "Sep-2023": 106.57, "Oct-2023": 93.09, "Nov-2023": 89.07, "Dec-2023": 87.45}'),
(79, '{"Jan-2023": 119.04, "Feb-2023": 96.74, "Mar-2023": 113.59, "Apr-2023": 89.35, "May-2023": 82.32, "Jun-2023": 119.14, "Jul-2023": 102.19, "Aug-2023": 95.58, "Sep-2023": 84.22, "Oct-2023": 105.82, "Nov-2023": 118.03, "Dec-2023": 119.71}'),
(80, '{"Jan-2023": 110.84, "Feb-2023": 102.49, "Mar-2023": 113.9, "Apr-2023": 90.89, "May-2023": 99.97, "Jun-2023": 116.62, "Jul-2023": 83.76, "Aug-2023": 92.23, "Sep-2023": 102.72, "Oct-2023": 114.44, "Nov-2023": 87.92, "Dec-2023": 89.63}'),
(81, '{"Jan-2023": 94.81, "Feb-2023": 104.45, "Mar-2023": 113.27, "Apr-2023": 106.93, "May-2023": 117.71, "Jun-2023": 118.84, "Jul-2023": 84.65, "Aug-2023": 99.43, "Sep-2023": 118.79, "Oct-2023": 89.86, "Nov-2023": 87.8, "Dec-2023": 119.23}'),
(82, '{"Jan-2023": 101.02, "Feb-2023": 93.14, "Mar-2023": 103.28, "Apr-2023": 106.35, "May-2023": 117.03, "Jun-2023": 82.8, "Jul-2023": 95.5, "Aug-2023": 87.04, "Sep-2023": 100.56, "Oct-2023": 109.13, "Nov-2023": 93.9, "Dec-2023": 99.88}'),
(83, '{"Jan-2023": 111.38, "Feb-2023": 103.38, "Mar-2023": 83.79, "Apr-2023": 92.1, "May-2023": 110.0, "Jun-2023": 80.43, "Jul-2023": 96.67, "Aug-2023": 114.15, "Sep-2023": 107.0, "Oct-2023": 86.29, "Nov-2023": 109.04, "Dec-2023": 102.1}'),
(84, '{"Jan-2023": 92.6, "Feb-2023": 97.74, "Mar-2023": 116.23, "Apr-2023": 80.59, "May-2023": 112.01, "Jun-2023": 86.89, "Jul-2023": 81.06, "Aug-2023": 118.42, "Sep-2023": 92.49, "Oct-2023": 107.17, "Nov-2023": 98.13, "Dec-2023": 115.38}'),
(85, '{"Jan-2023": 115.1, "Feb-2023": 91.35, "Mar-2023": 94.16, "Apr-2023": 110.0, "May-2023": 107.47, "Jun-2023": 107.28, "Jul-2023": 115.84, "Aug-2023": 109.79, "Sep-2023": 113.15, "Oct-2023": 119.6, "Nov-2023": 105.89, "Dec-2023": 109.86}'),
(86, '{"Jan-2023": 116.13, "Feb-2023": 102.54, "Mar-2023": 92.65, "Apr-2023": 90.58, "May-2023": 84.34, "Jun-2023": 116.64, "Jul-2023": 81.99, "Aug-2023": 105.31, "Sep-2023": 93.09, "Oct-2023": 115.67, "Nov-2023": 97.25, "Dec-2023": 96.16}'),
(87, '{"Jan-2023": 115.24, "Feb-2023": 93.83, "Mar-2023": 102.9, "Apr-2023": 93.34, "May-2023": 94.74, "Jun-2023": 98.71, "Jul-2023": 87.92, "Aug-2023": 106.43, "Sep-2023": 114.14, "Oct-2023": 114.7, "Nov-2023": 106.11, "Dec-2023": 95.42}'),
(88, '{"Jan-2023": 92.23, "Feb-2023": 111.36, "Mar-2023": 83.75, "Apr-2023": 97.77, "May-2023": 111.78, "Jun-2023": 98.47, "Jul-2023": 116.59, "Aug-2023": 86.19, "Sep-2023": 80.26, "Oct-2023": 108.53, "Nov-2023": 85.52, "Dec-2023": 87.61}'),
(89, '{"Jan-2023": 102.74, "Feb-2023": 94.78, "Mar-2023": 111.62, "Apr-2023": 96.45, "May-2023": 106.7, "Jun-2023": 95.33, "Jul-2023": 112.74, "Aug-2023": 112.49, "Sep-2023": 80.58, "Oct-2023": 97.72, "Nov-2023": 91.16, "Dec-2023": 94.84}'),
(90, '{"Jan-2023": 80.09, "Feb-2023": 82.26, "Mar-2023": 112.79, "Apr-2023": 98.18, "May-2023": 115.15, "Jun-2023": 118.93, "Jul-2023": 90.48, "Aug-2023": 95.04, "Sep-2023": 85.09, "Oct-2023": 111.19, "Nov-2023": 83.32, "Dec-2023": 87.12}'),
(91, '{"Jan-2023": 107.08, "Feb-2023": 80.08, "Mar-2023": 99.6, "Apr-2023": 107.43, "May-2023": 107.05, "Jun-2023": 113.92, "Jul-2023": 118.29, "Aug-2023": 97.23, "Sep-2023": 113.94, "Oct-2023": 101.44, "Nov-2023": 104.69, "Dec-2023": 103.29}'),
(92, '{"Jan-2023": 115.27, "Feb-2023": 97.92, "Mar-2023": 113.64, "Apr-2023": 110.02, "May-2023": 82.97, "Jun-2023": 93.1, "Jul-2023": 117.66, "Aug-2023": 116.11, "Sep-2023": 111.54, "Oct-2023": 94.52, "Nov-2023": 92.15, "Dec-2023": 113.02}'),
(93, '{"Jan-2023": 106.07, "Feb-2023": 114.55, "Mar-2023": 113.63, "Apr-2023": 108.88, "May-2023": 94.15, "Jun-2023": 92.41, "Jul-2023": 118.59, "Aug-2023": 102.91, "Sep-2023": 108.61, "Oct-2023": 111.93, "Nov-2023": 102.42, "Dec-2023": 112.78}'),
(94, '{"Jan-2023": 92.48, "Feb-2023": 98.89, "Mar-2023": 101.75, "Apr-2023": 106.23, "May-2023": 83.32, "Jun-2023": 117.28, "Jul-2023": 83.87, "Aug-2023": 118.03, "Sep-2023": 85.45, "Oct-2023": 105.8, "Nov-2023": 83.79, "Dec-2023": 100.33}'),
(95, '{"Jan-2023": 81.06, "Feb-2023": 97.43, "Mar-2023": 107.05, "Apr-2023": 113.13, "May-2023": 118.09, "Jun-2023": 107.5, "Jul-2023": 113.35, "Aug-2023": 95.26, "Sep-2023": 108.78, "Oct-2023": 106.79, "Nov-2023": 111.61, "Dec-2023": 103.25}'),
(96, '{"Jan-2023": 116.63, "Feb-2023": 113.31, "Mar-2023": 90.96, "Apr-2023": 81.22, "May-2023": 91.05, "Jun-2023": 100.9, "Jul-2023": 87.27, "Aug-2023": 86.83, "Sep-2023": 85.82, "Oct-2023": 106.85, "Nov-2023": 81.99, "Dec-2023": 84.29}'),
(97, '{"Jan-2023": 86.71, "Feb-2023": 110.67, "Mar-2023": 91.64, "Apr-2023": 87.41, "May-2023": 100.38, "Jun-2023": 103.94, "Jul-2023": 104.26, "Aug-2023": 83.8, "Sep-2023": 101.59, "Oct-2023": 80.67, "Nov-2023": 85.02, "Dec-2023": 103.75}'),
(98, '{"Jan-2023": 88.94, "Feb-2023": 109.26, "Mar-2023": 111.9, "Apr-2023": 101.7, "May-2023": 106.73, "Jun-2023": 96.84, "Jul-2023": 80.07, "Aug-2023": 92.6, "Sep-2023": 112.88, "Oct-2023": 80.26, "Nov-2023": 80.16, "Dec-2023": 88.23}'),
(99, '{"Jan-2023": 114.77, "Feb-2023": 98.79, "Mar-2023": 84.83, "Apr-2023": 112.72, "May-2023": 92.52, "Jun-2023": 101.54, "Jul-2023": 112.74, "Aug-2023": 101.96, "Sep-2023": 93.77, "Oct-2023": 95.47, "Nov-2023": 108.75, "Dec-2023": 116.78}'),
(100, '{"Jan-2023": 87.34, "Feb-2023": 86.84, "Mar-2023": 113.61, "Apr-2023": 97.2, "May-2023": 109.72, "Jun-2023": 91.91, "Jul-2023": 101.03, "Aug-2023": 83.92, "Sep-2023": 80.01, "Oct-2023": 113.91, "Nov-2023": 95.29, "Dec-2023": 107.62}');

-- INSERT INTO average_purchase_interval (client_id, avg_purchase_interval) VALUES
-- (1, '{
--         "Jan-2023": 10,
--         "Feb-2023": 12,
--         "Mar-2023": 13,
--         "Apr-2023": 12,
--         "May-2023": 11,
--         "Jun-2023": 11,
--         "Jul-2023": 9,
--         "Aug-2023": 8,
--         "Sep-2023": 8,
--         "Oct-2023": 7,
--         "Nov-2023": 9,
--         "Dec-2023": 10
--     }');


-- INSERT INTO product_inventory_consumption (product_id, consumed_date, consumed_quantity, is_forcast) VALUES
-- (1, '2021-01-01', 70.16, false),
-- (1, '2021-02-01', 73.32, false),
-- (1, '2021-03-01', 80.91, false),
-- (1, '2021-04-01', 86.04, false),
-- (1, '2021-05-01', 87.93, false),
-- (1, '2021-06-01', 90.24, false),
-- (1, '2021-07-01', 95.16, false),
-- (1, '2021-08-01', 101.10, false),
-- (1, '2021-09-01', 99.57, false),
-- (1, '2021-10-01', 97.81, false),
-- (1, '2021-11-01', 83.84, false),
-- (1, '2021-12-01', 77.96, false),
-- (1, '2022-01-01', 78.63, false),
-- (1, '2022-02-01', 83.40, false),
-- (1, '2022-03-01', 91.04, false),
-- (1, '2022-04-01', 93.83, false),
-- (1, '2022-05-01', 96.37, false),
-- (1, '2022-06-01', 98.75, false),
-- (1, '2022-07-01', 100.63, false),
-- (1, '2022-08-01', 108.96, false),
-- (1, '2022-09-01', 110.18, false),
-- (1, '2022-10-01', 107.31, false),
-- (1, '2022-11-01', 91.73, false),
-- (1, '2022-12-01', 84.85, false),
-- (1, '2023-01-01', 87.01, true),
-- (1, '2023-02-01', 91.60, true),
-- (1, '2023-03-01', 99.23, true),
-- (1, '2023-04-01', 102.27, true),
-- (1, '2023-05-01', 104.73, true),
-- (1, '2023-06-01', 107.09, true),
-- (1, '2023-07-01', 110.46, true),
-- (1, '2023-08-01', 117.63, true),
-- (1, '2023-09-01', 117.52, true),
-- (1, '2023-10-01', 115.18, true),
-- (1, '2023-11-01', 100.39, true),
-- (1, '2023-12-01', 94.56, true);



-- INSERT INTO material_inventory_consumption (material_id, consumed_date, consumed_quantity, is_forcast) VALUES
-- (1, '2021-01-01', 70.16, false),
-- (1, '2021-02-01', 73.32, false),
-- (1, '2021-03-01', 80.91, false),
-- (1, '2021-04-01', 86.04, false),
-- (1, '2021-05-01', 87.93, false),
-- (1, '2021-06-01', 90.24, false),
-- (1, '2021-07-01', 95.16, false),
-- (1, '2021-08-01', 101.10, false),
-- (1, '2021-09-01', 99.57, false),
-- (1, '2021-10-01', 97.81, false),
-- (1, '2021-11-01', 83.84, false),
-- (1, '2021-12-01', 77.96, false),
-- (1, '2022-01-01', 78.63, false),
-- (1, '2022-02-01', 83.40, false),
-- (1, '2022-03-01', 91.04, false),
-- (1, '2022-04-01', 93.83, false),
-- (1, '2022-05-01', 96.37, false),
-- (1, '2022-06-01', 98.75, false),
-- (1, '2022-07-01', 100.63, false),
-- (1, '2022-08-01', 108.96, false),
-- (1, '2022-09-01', 110.18, false),
-- (1, '2022-10-01', 107.31, false),
-- (1, '2022-11-01', 91.73, false),
-- (1, '2022-12-01', 84.85, false),
-- (1, '2023-01-01', 87.01, true),
-- (1, '2023-02-01', 91.60, true),
-- (1, '2023-03-01', 99.23, true),
-- (1, '2023-04-01', 102.27, true),
-- (1, '2023-05-01', 104.73, true),
-- (1, '2023-06-01', 107.09, true),
-- (1, '2023-07-01', 110.46, true),
-- (1, '2023-08-01', 117.63, true),
-- (1, '2023-09-01', 117.52, true),
-- (1, '2023-10-01', 115.18, true),
-- (1, '2023-11-01', 100.39, true),
-- (1, '2023-12-01', 94.56, true);
