\c os_db;

-- 100 clients
INSERT INTO client (client_name, created_at, email, recency, clv, avg_monthly_spend, avg_lifespan) VALUES 
('McKesson', '2023-10-26 14:29:42.422258', 'dtriuk@xjq.com', '2023-10-30 14:29:42.422297', 18099.22, 593.51, 12), ('Chevron', '2023-05-20 14:29:42.422321', 'xsbwuv@rbh.com', '2023-04-10 14:29:42.422344', 15812.6, 2649.19, 9), ('AmerisourceBergen', '2023-12-12 14:29:42.422355', 'caubtt@vei.com', '2023-02-09 14:29:42.422365', 18275.37, 4039.63, 7), ('Alphabet', '2023-11-14 14:29:42.422374', 'rppcgt@qyi.com', '2023-09-01 14:29:42.422383', 19299.37, 1176.2, 1), ('Ford Motor', '2023-11-07 14:29:42.422392', 'oxqfzr@hly.com', '2023-04-05 14:29:42.422401', 15916.21, 2934.78, 1), ('Walmart', '2023-04-07 14:29:42.422410', 'khnxwb@axv.com', '2023-04-12 14:29:42.422420', 14196.28, 4130.6, 8), ('Amazon', '2023-09-24 14:29:42.422428', 'wnfako@aci.com', '2023-05-15 14:29:42.422437', 18064.21, 3048.83, 11), ('Amazon', '2023-06-13 14:29:42.422446', 'rnhvlh@vps.com', '2023-07-08 14:29:42.422455', 14041.35, 4725.16, 5), ('Alphabet', '2023-10-26 14:29:42.422463', 'szpmje@ojv.com', '2023-02-01 14:29:42.422472', 6782.55, 4577.41, 10), ('China National Petroleum', '2023-06-27 14:29:42.422481', 'ihzzav@xyx.com', '2023-09-09 14:29:42.422490', 13200.2, 2895.58, 14), ('Amazon', '2023-10-04 14:29:42.422499', 'eiavhl@zcz.com', '2023-03-13 14:29:42.422508', 14375.6, 874.55, 19), ('Sinopec Group', '2023-03-09 14:29:42.422516', 'sbihhb@mtr.com', '2023-09-19 14:29:42.422525', 17607.13, 3292.02, 13), ('China National Petroleum', '2023-06-02 14:29:42.422532', 'znrsxu@voq.com', '2023-02-17 14:29:42.422541', 9222.71, 866.31, 9), ('Ford Motor', '2023-10-30 14:29:42.424287', 'gkoqli@swl.com', '2023-04-15 14:29:42.424309', 15759.84, 3347.7, 4), ('Walmart', '2023-08-09 14:29:42.424319', 'nxosxm@zml.com', '2023-05-30 14:29:42.424328', 11113.14, 4314.62, 18), ('China National Petroleum', '2023-11-06 14:29:42.424337', 'eblmqk@dei.com', '2023-08-16 14:29:42.424346', 6971.25, 702.72, 18), ('Toyota Motor', '2023-12-03 14:29:42.424355', 'pababp@hfk.com', '2023-04-16 14:29:42.424364', 17863.86, 1386.38, 20), ('Walmart', '2023-06-22 14:29:42.424372', 'awarny@fsa.com', '2023-10-31 14:29:42.424381', 16993.44, 1593.5, 7), ('Chevron', '2023-11-14 14:29:42.424389', 'elymfv@iqg.com', '2023-06-10 14:29:42.424399', 18165.03, 2248.28, 17), ('UnitedHealth Group', '2023-02-17 14:29:42.424408', 'axjlkz@ciy.com', '2023-03-16 14:29:42.424418', 11387.11, 3268.71, 18), ('Alphabet', '2023-10-09 14:29:42.424427', 'xdfpla@lzb.com', '2023-05-05 14:29:42.424436', 5221.71, 1944.33, 13), ('Volkswagen', '2023-01-03 14:29:42.424444', 'wuokoz@ksx.com', '2023-08-31 14:29:42.424455', 18640.08, 2591.57, 1), ('Amazon', '2023-09-10 14:29:42.424465', 'lqixnl@hfw.com', '2023-01-01 14:29:42.424475', 9532.4, 2140.18, 20), ('Ping An Insurance', '2023-01-19 14:29:42.424484', 'frwsua@fxl.com', '2023-06-17 14:29:42.424493', 6958.56, 563.09, 11), ('Costco Wholesale', '2023-12-17 14:29:42.424502', 'oqjvwv@lsz.com', '2023-05-23 14:29:42.424511', 8236.77, 1197.44, 7), ('China National Petroleum', '2023-04-16 14:29:42.424520', 'lsaapm@gtu.com', '2023-09-04 14:29:42.424530', 16716.13, 1865.83, 12), ('AmerisourceBergen', '2023-02-16 14:29:42.424538', 'ypydxe@nnv.com', '2023-02-07 14:29:42.424548', 9044.85, 1978.09, 8), ('State Grid', '2023-09-23 14:29:42.424556', 'iqxmxr@yck.com', '2023-02-24 14:29:42.424565', 15347.59, 3277.16, 4), ('Toyota Motor', '2023-03-06 14:29:42.424574', 'odjlgy@nxp.com', '2023-05-08 14:29:42.424583', 6732.34, 1219.18, 16), ('Cigna', '2023-05-25 14:29:42.424592', 'fijbwr@cli.com', '2023-11-16 14:29:42.424601', 12534.32, 2642.26, 19), ('Ping An Insurance', '2023-11-24 14:29:42.424610', 'hugsix@kcr.com', '2023-04-14 14:29:42.424619', 11343.9, 2655.18, 2), ('Ford Motor', '2023-02-07 14:29:42.424626', 'usccjn@ywg.com', '2023-01-09 14:29:42.424636', 19533.18, 2864.94, 7), ('Amazon', '2023-02-28 14:29:42.424644', 'fadume@kgl.com', '2023-04-15 14:29:42.424653', 13889.28, 2844.42, 7), ('Ford Motor', '2023-03-02 14:29:42.424661', 'hwipoy@beo.com', '2023-09-05 14:29:42.424671', 13899.23, 3525.61, 6), ('Ping An Insurance', '2023-08-06 14:29:42.424680', 'xbzfye@ngz.com', '2023-11-04 14:29:42.424689', 7704.04, 2802.36, 8), ('Costco Wholesale', '2023-02-25 14:29:42.424697', 'grrvnj@mbr.com', '2023-09-16 14:29:42.424706', 12404.59, 4903.32, 8), ('China National Petroleum', '2023-03-14 14:29:42.424715', 'xyrrsd@sbd.com', '2023-03-08 14:29:42.424724', 13160.12, 2328.88, 1), ('UnitedHealth Group', '2023-07-18 14:29:42.424732', 'gadnxs@yzb.com', '2023-11-28 14:29:42.424741', 7906.02, 2723.03, 5), ('Ford Motor', '2023-01-21 14:29:42.424750', 'ibrdrg@rnp.com', '2023-10-09 14:29:42.424759', 11283.79, 2359.59, 14), ('UnitedHealth Group', '2023-04-15 14:29:42.424767', 'emlqka@xuv.com', '2023-09-04 14:29:42.424776', 10595.01, 1878.89, 18), ('Ping An Insurance', '2023-07-20 14:29:42.424784', 'qmbton@ovn.com', '2023-10-25 14:29:42.424794', 16196.8, 1141.06, 5), ('AmerisourceBergen', '2023-05-04 14:29:42.424803', 'ocpggu@gev.com', '2023-09-04 14:29:42.424813', 19112.42, 2070.82, 13), ('Volkswagen', '2023-03-21 14:29:42.424822', 'rmhtyd@ted.com', '2023-07-02 14:29:42.424832', 12392.47, 4593.85, 1), ('UnitedHealth Group', '2023-08-27 14:29:42.424840', 'dltgwm@zve.com', '2023-10-18 14:29:42.424851', 17038.55, 822.74, 1), ('Toyota Motor', '2023-05-02 14:29:42.424859', 'qzbmcg@zic.com', '2023-03-08 14:29:42.424868', 5125.53, 1951.45, 4), ('CVS Health', '2023-09-13 14:29:42.424876', 'ssbfrb@wpq.com', '2023-04-14 14:29:42.424885', 9048.3, 906.36, 18), ('Volkswagen', '2023-10-02 14:29:42.424893', 'llbubq@gay.com', '2023-04-30 14:29:42.424903', 6244.26, 4044.51, 17), ('Cigna', '2023-02-12 14:29:42.424912', 'rxqpoa@lex.com', '2023-10-16 14:29:42.424922', 12947.22, 1932.1, 4), ('Sinopec Group', '2023-10-08 14:29:42.424930', 'zabyfm@smk.com', '2023-07-02 14:29:42.424939', 5468.96, 2843.64, 1), ('Amazon', '2023-06-22 14:29:42.424947', 'iggruy@yfz.com', '2023-02-26 14:29:42.424956', 17085.44, 4695.51, 16), ('Berkshire Hathaway', '2023-12-06 14:29:42.424965', 'hrlqtf@nwz.com', '2023-04-25 14:29:42.424974', 15918.71, 2793.79, 20), ('AmerisourceBergen', '2023-11-15 14:29:42.424982', 'nsuwmd@rbz.com', '2023-11-24 14:29:42.424991', 9618.26, 3602.07, 12), ('CVS Health', '2023-05-26 14:29:42.424999', 'hyjhql@cdd.com', '2023-07-16 14:29:42.425008', 12737.72, 4754.1, 2), ('McKesson', '2023-05-24 14:29:42.425017', 'kkwwch@cof.com', '2023-12-13 14:29:42.425025', 19007.12, 4209.43, 15), ('McKesson', '2023-01-01 14:29:42.425034', 'vymmfj@bbb.com', '2023-10-21 14:29:42.425043', 18268.47, 1645.29, 4), ('State Grid', '2023-02-16 14:29:42.425051', 'grjvmh@ztw.com', '2023-07-08 14:29:42.425061', 9345.65, 2713.06, 20), ('Sinopec Group', '2023-04-22 14:29:42.425070', 'eoozvx@beb.com', '2023-12-12 14:29:42.425078', 14437.76, 3248.26, 15), ('Volkswagen', '2023-08-18 14:29:42.425087', 'soexwq@csi.com', '2023-08-11 14:29:42.425096', 19624.83, 1247.86, 7), ('Sinopec Group', '2022-12-31 14:29:42.425104', 'pnduxl@svz.com', '2023-11-10 14:29:42.425113', 6200.93, 3336.38, 16), ('Apple', '2023-03-02 14:29:42.425123', 'tmbnzg@qnu.com', '2023-10-27 14:29:42.425132', 15593.01, 3647.5, 5), ('Amazon', '2023-03-05 14:29:42.425140', 'eufrea@ilg.com', '2023-05-20 14:29:42.425149', 19624.36, 1468.1, 2), ('China National Petroleum', '2023-02-12 14:29:42.425158', 'kwdejf@tan.com', '2023-05-22 14:29:42.425167', 7309.43, 2083.62, 13), ('Alphabet', '2023-03-22 14:29:42.425175', 'cnxsaa@nxn.com', '2023-04-20 14:29:42.425185', 8404.18, 1295.24, 18), ('Toyota Motor', '2023-07-20 14:29:42.425193', 'jytgnf@xyj.com', '2023-10-06 14:29:42.425203', 5540.39, 2785.64, 7), ('Costco Wholesale', '2023-06-10 14:29:42.425211', 'xqauec@xhu.com', '2023-10-12 14:29:42.425220', 14053.87, 3062.31, 3), ('Amazon', '2023-05-06 14:29:42.425228', 'ttqzjr@ynh.com', '2023-06-28 14:29:42.425237', 11025.37, 538.8, 5), ('AmerisourceBergen', '2023-03-16 14:29:42.425246', 'qfanhq@rcy.com', '2023-01-01 14:29:42.425258', 8787.98, 2163.57, 20), ('Amazon', '2023-04-30 14:29:42.425266', 'xikwby@fqp.com', '2023-10-17 14:29:42.425276', 6934.76, 2689.89, 13), ('Cigna', '2023-02-21 14:29:42.425284', 'eakaqd@lfi.com', '2023-02-26 14:29:42.425293', 6245.32, 583.41, 13), ('Berkshire Hathaway', '2023-09-16 14:29:42.425301', 'maqjlh@gan.com', '2023-11-07 14:29:42.425310', 7632.78, 2532.05, 14), ('Ping An Insurance', '2023-06-19 14:29:42.425318', 'rfmucy@uor.com', '2023-11-29 14:29:42.425328', 13540.04, 992.04, 4), ('Amazon', '2023-12-05 14:29:42.425336', 'doxeqj@eks.com', '2023-04-16 14:29:42.425345', 13858.46, 3076.72, 1), ('China National Petroleum', '2023-11-16 14:29:42.425354', 'henuht@big.com', '2023-08-24 14:29:42.425363', 15231.57, 1646.12, 9), ('McKesson', '2023-01-10 14:29:42.425372', 'eayqds@xsh.com', '2023-12-19 14:29:42.425381', 18565.03, 2057.74, 20), ('Chevron', '2023-03-23 14:29:42.425389', 'prdskk@yrh.com', '2023-09-13 14:29:42.425398', 18063.0, 700.48, 7), ('Amazon', '2023-06-19 14:29:42.425407', 'ebzgix@ntl.com', '2023-05-08 14:29:42.425416', 12297.52, 4528.69, 2), ('Sinopec Group', '2023-04-19 14:29:42.425424', 'jjecwd@cfa.com', '2023-09-04 14:29:42.425433', 8656.04, 4143.87, 14), ('Chevron', '2023-04-10 14:29:42.425442', 'gbblra@xga.com', '2023-10-05 14:29:42.425451', 8466.14, 3137.89, 7), ('Apple', '2023-01-27 14:29:42.425459', 'uitndb@fto.com', '2023-11-16 14:29:42.425468', 12725.15, 1379.08, 3), ('Walmart', '2023-04-07 14:29:42.425476', 'xsgguc@jtu.com', '2023-11-11 14:29:42.425485', 12215.95, 2265.65, 1), ('UnitedHealth Group', '2023-11-11 14:29:42.425493', 'zzrrcp@uko.com', '2023-09-16 14:29:42.425503', 6109.02, 726.03, 12), ('Ping An Insurance', '2023-03-13 14:29:42.425511', 'owwzty@jia.com', '2023-05-11 14:29:42.425521', 9028.51, 2342.11, 10), ('Costco Wholesale', '2023-09-13 14:29:42.425529', 'dbxkaf@tnr.com', '2023-11-23 14:29:42.425538', 8237.32, 922.05, 18), ('Apple', '2023-06-20 14:29:42.425546', 'qwpril@fky.com', '2023-06-29 14:29:42.425555', 6800.72, 3231.28, 5), ('Costco Wholesale', '2023-12-03 14:29:42.425563', 'gwaita@zth.com', '2023-08-28 14:29:42.425573', 7080.63, 2514.66, 12), ('Ping An Insurance', '2023-03-17 14:29:42.425581', 'nwtcow@mlg.com', '2023-01-05 14:29:42.425590', 5388.05, 3811.44, 9), ('UnitedHealth Group', '2023-01-20 14:29:42.425600', 'lhtwkd@vex.com', '2023-06-24 14:29:42.425609', 6712.41, 2134.75, 19), ('Chevron', '2023-04-03 14:29:42.425617', 'lbzire@gpd.com', '2023-09-03 14:29:42.425626', 12308.5, 4824.34, 10), ('Apple', '2023-03-27 14:29:42.425634', 'umyxqa@jzm.com', '2023-02-06 14:29:42.425645', 6501.96, 2946.41, 9), ('Toyota Motor', '2023-02-17 14:29:42.425654', 'dzdyjk@sew.com', '2023-05-29 14:29:42.425663', 7585.75, 1185.11, 14), ('Berkshire Hathaway', '2023-06-17 14:29:42.425672', 'mtalsn@azt.com', '2023-10-05 14:29:42.425681', 5293.03, 1132.21, 8), ('Chevron', '2023-05-22 14:29:42.425689', 'eiskkp@mec.com', '2023-03-03 14:29:42.425698', 15104.29, 1748.9, 12), ('China National Petroleum', '2023-07-11 14:29:42.425706', 'spwvpv@dvr.com', '2023-07-23 14:29:42.425715', 18888.05, 1629.56, 5), ('Amazon', '2023-04-25 14:29:42.425723', 'fhztyw@qkp.com', '2023-03-27 14:29:42.425733', 6944.72, 2065.39, 4), ('CVS Health', '2023-09-05 14:29:42.425741', 'auknqf@jjf.com', '2023-01-09 14:29:42.425750', 11045.87, 3112.44, 12), ('Ping An Insurance', '2022-12-26 14:29:42.425759', 'zqbtot@giz.com', '2022-12-31 14:29:42.425768', 12810.64, 3536.19, 5), ('Chevron', '2023-02-15 14:29:42.425776', 'epqcnt@umc.com', '2023-08-29 14:29:42.425785', 12489.79, 767.03, 18), ('Costco Wholesale', '2023-11-12 14:29:42.425793', 'kwtynj@gvv.com', '2023-01-28 14:29:42.425802', 6981.91, 3134.83, 1), ('Costco Wholesale', '2023-10-14 14:29:42.425810', 'xnrlqg@lyp.com', '2023-04-16 14:29:42.425820', 11881.18, 1230.33, 10), ('General Motors', '2023-07-09 14:29:42.425828', 'acqajd@rur.com', '2023-03-20 14:29:42.425838', 6631.07, 1656.79, 4);

INSERT INTO client_order (client_id, price, created_at, progress) VALUES
(1, 100, CURRENT_TIMESTAMP, '{"stage": 0, "completeness": 70}'),
(2, 100, CURRENT_TIMESTAMP, '{"stage": 1, "completeness": 50}'),
(1, 200, CURRENT_TIMESTAMP, '{"stage": 2, "completeness": 40}');

-- 100 machines
INSERT INTO machine (machine_name, status, created_at) VALUES
('D-001', 'active', '2021-02-02 00:00:00'),
('D-002', 'maintenance', '2021-03-03 00:00:00'),
('D-003', 'idle', '2021-04-04 00:00:00'),
('D-004', 'active', '2021-05-05 00:00:00'),
('D-005', 'maintenance', '2021-06-06 00:00:00'),
('D-006', 'idle', '2021-07-07 00:00:00'),
('D-007', 'active', '2021-08-08 00:00:00'),
('D-008', 'maintenance', '2021-09-09 00:00:00'),
('D-009', 'idle', '2021-10-10 00:00:00'),
('D-010', 'active', '2021-11-11 00:00:00'),
('D-011', 'maintenance', '2021-12-12 00:00:00'),
('D-012', 'idle', '2021-01-13 00:00:00'),
('D-013', 'active', '2021-02-14 00:00:00'),
('D-014', 'maintenance', '2021-03-15 00:00:00'),
('D-015', 'idle', '2021-04-16 00:00:00'),
('D-016', 'active', '2021-05-17 00:00:00'),
('D-017', 'maintenance', '2021-06-18 00:00:00'),
('D-018', 'idle', '2021-07-19 00:00:00'),
('D-019', 'active', '2021-08-20 00:00:00'),
('D-020', 'maintenance', '2021-09-21 00:00:00'),
('D-021', 'idle', '2021-10-22 00:00:00'),
('D-022', 'active', '2021-11-23 00:00:00'),
('D-023', 'maintenance', '2021-12-24 00:00:00'),
('D-024', 'idle', '2021-01-25 00:00:00'),
('D-025', 'active', '2021-02-26 00:00:00'),
('D-026', 'maintenance', '2021-03-27 00:00:00'),
('D-027', 'idle', '2021-04-28 00:00:00'),
('D-028', 'active', '2021-05-01 00:00:00'),
('D-029', 'maintenance', '2021-06-02 00:00:00'),
('D-030', 'idle', '2021-07-03 00:00:00'),
('D-031', 'active', '2021-08-04 00:00:00'),
('D-032', 'maintenance', '2021-09-05 00:00:00'),
('D-033', 'idle', '2021-10-06 00:00:00'),
('D-034', 'active', '2021-11-07 00:00:00'),
('D-035', 'maintenance', '2021-12-08 00:00:00'),
('D-036', 'idle', '2021-01-09 00:00:00'),
('D-037', 'active', '2021-02-10 00:00:00'),
('D-038', 'maintenance', '2021-03-11 00:00:00'),
('D-039', 'idle', '2021-04-12 00:00:00'),
('D-040', 'active', '2021-05-13 00:00:00'),
('D-041', 'maintenance', '2021-06-14 00:00:00'),
('D-042', 'idle', '2021-07-15 00:00:00'),
('D-043', 'active', '2021-08-16 00:00:00'),
('D-044', 'maintenance', '2021-09-17 00:00:00'),
('D-045', 'idle', '2021-10-18 00:00:00'),
('D-046', 'active', '2021-11-19 00:00:00'),
('D-047', 'maintenance', '2021-12-20 00:00:00'),
('D-048', 'idle', '2021-01-21 00:00:00'),
('D-049', 'active', '2021-02-22 00:00:00'),
('D-050', 'maintenance', '2021-03-23 00:00:00'),
('D-051', 'idle', '2021-04-24 00:00:00'),
('D-052', 'active', '2021-05-25 00:00:00'),
('D-053', 'maintenance', '2021-06-26 00:00:00'),
('D-054', 'idle', '2021-07-27 00:00:00'),
('D-055', 'active', '2021-08-28 00:00:00'),
('D-056', 'maintenance', '2021-09-01 00:00:00'),
('D-057', 'idle', '2021-10-02 00:00:00'),
('D-058', 'active', '2021-11-03 00:00:00'),
('D-059', 'maintenance', '2021-12-04 00:00:00'),
('D-060', 'idle', '2021-01-05 00:00:00'),
('D-061', 'active', '2021-02-06 00:00:00'),
('D-062', 'maintenance', '2021-03-07 00:00:00'),
('D-063', 'idle', '2021-04-08 00:00:00'),
('D-064', 'active', '2021-05-09 00:00:00'),
('D-065', 'maintenance', '2021-06-10 00:00:00'),
('D-066', 'idle', '2021-07-11 00:00:00'),
('D-067', 'active', '2021-08-12 00:00:00'),
('D-068', 'maintenance', '2021-09-13 00:00:00'),
('D-069', 'idle', '2021-10-14 00:00:00'),
('D-070', 'active', '2021-11-15 00:00:00'),
('D-071', 'maintenance', '2021-12-16 00:00:00'),
('D-072', 'idle', '2021-01-17 00:00:00'),
('D-073', 'active', '2021-02-18 00:00:00'),
('D-074', 'maintenance', '2021-03-19 00:00:00'),
('D-075', 'idle', '2021-04-20 00:00:00'),
('D-076', 'active', '2021-05-21 00:00:00'),
('D-077', 'maintenance', '2021-06-22 00:00:00'),
('D-078', 'idle', '2021-07-23 00:00:00'),
('D-079', 'active', '2021-08-24 00:00:00'),
('D-080', 'maintenance', '2021-09-25 00:00:00'),
('D-081', 'idle', '2021-10-26 00:00:00'),
('D-082', 'active', '2021-11-27 00:00:00'),
('D-083', 'maintenance', '2021-12-28 00:00:00'),
('D-084', 'idle', '2021-01-01 00:00:00'),
('D-085', 'active', '2021-02-02 00:00:00'),
('D-086', 'maintenance', '2021-03-03 00:00:00'),
('D-087', 'idle', '2021-04-04 00:00:00'),
('D-088', 'active', '2021-05-05 00:00:00'),
('D-089', 'maintenance', '2021-06-06 00:00:00'),
('D-090', 'idle', '2021-07-07 00:00:00'),
('D-091', 'active', '2021-08-08 00:00:00'),
('D-092', 'maintenance', '2021-09-09 00:00:00'),
('D-093', 'idle', '2021-10-10 00:00:00'),
('D-094', 'active', '2021-11-11 00:00:00'),
('D-095', 'maintenance', '2021-12-12 00:00:00'),
('D-096', 'idle', '2021-01-13 00:00:00'),
('D-097', 'active', '2021-02-14 00:00:00'),
('D-098', 'maintenance', '2021-03-15 00:00:00'),
('D-099', 'idle', '2021-04-16 00:00:00'),
('D-100', 'active', '2021-05-17 00:00:00');

-- 100 suppliers
INSERT INTO supplier (supplier_name) VALUES
('Acme Terminal Materials Inc.'),
('Blocks & Connectors Ltd.'),
('Conductive Components Corp.'),
('Terminal Tech Supplies'),
('ElectroConnect Materials'),
('Circuit Assembly Suppliers'),
('Precision Block Materials'),
('Terminal Solutions Inc.'),
('Connector Crafters Co.'),
('ElectroParts Manufacturing'),
('Block Builders Supply'),
('Wire & Terminal Traders'),
('Cable Connect Systems'),
('Solid State Suppliers'),
('Terminal Masters Inc.'),
('Circuit Supply Co.'),
('Connector Resource Group'),
('Block & Wire Supplies'),
('Electro Junction Inc.'),
('Terminal Materials Plus'),
('Circuit Components Co.'),
('WireCraft Materials'),
('Connective Parts Supplies'),
('Terminal House Inc.'),
('Global Connectors Ltd.'),
('Circuitry Suppliers Corp.'),
('Conductive Tech Materials'),
('Block Assembly Co.'),
('Electro Terminal Inc.'),
('Wiring Solutions Suppliers'),
('Terminal Fabricators Inc.'),
('Cable & Block Co.'),
('Component Crafters Ltd.'),
('Connectivity Supply Inc.'),
('ElectroBlock Materials Co.'),
('Circuit Board Supplies'),
('Terminal Source Inc.'),
('Wire and Blocks Ltd.'),
('Conductive Systems Co.'),
('Material Connectors Corp.'),
('Block Tech Inc.'),
('ElectroComponent Suppliers'),
('Terminal Assembly Supply'),
('Circuit Connect Co.'),
('Wire Supply House'),
('Block & Connector Traders'),
('ElectroCraft Supplies Inc.'),
('Component Connection Co.'),
('Terminal Plus Materials'),
('Connective Tech Inc.'),
('Circuitry Components Ltd.'),
('ElectroBlock Supply Co.'),
('Wire & Terminal Materials'),
('Connect Solutions Inc.'),
('Terminal Component Traders'),
('CableCraft Supplies Co.'),
('BlockCrafters Inc.'),
('Component Craft Supply'),
('Connective Materials Corp.'),
('Terminal Connect Inc.'),
('Circuit Supply Solutions'),
('Wire Tech Materials'),
('Block & Wire Suppliers'),
('ElectroMaterials Co.'),
('Component Connection Group'),
('Terminal Fabrication Inc.'),
('Circuitry Supply Co.'),
('Connective Parts Inc.'),
('WireBlock Systems'),
('Block Assembly Supplies'),
('Electro Supply Inc.'),
('Terminal Tech Components'),
('Circuit Connectors Ltd.'),
('WireCraft Supplies'),
('Component Connection Ltd.'),
('Material Connection Co.'),
('Terminal Crafters Inc.'),
('Circuit Component Suppliers'),
('Connector Supply House'),
('Block Material Traders'),
('ElectroComponents Inc.'),
('Wire & Connect Solutions'),
('Terminal Assembly Co.'),
('Circuit Parts Supply'),
('Component Crafters Corp.'),
('Block & Connector Supplies'),
('ElectroSupply Co.'),
('WireCraft Components'),
('Terminal Connectors Ltd.'),
('Circuitry Supply House'),
('Connective Systems Inc.'),
('BlockCraft Supplies'),
('Component Connection Solutions'),
('Terminal Material Co.'),
('Circuit Assembly Suppliers'),
('Wire & Block Supply'),
('Connector Craft Supply'),
('Electro Block Inc.'),
('Component Supply Group'),
('Terminal Craft Supply');

-- 100 materials
INSERT INTO material (supplier_id, material_name, quantity) VALUES
(1, 'Plastic Casing', 60),
(2, 'Screw Set', 70),
(3, 'Mounting Brackets', 80),
(4, 'Insulating Tape', 90),
(5, 'Conductive Gel', 100),
(6, 'Circuit Board', 110),
(7, 'LED Light', 120),
(8, 'Switch Set', 130),
(9, 'Metal Frame', 140),
(10, 'Copper Wire', 150),
(11, 'Plastic Casing', 160),
(12, 'Screw Set', 170),
(13, 'Mounting Brackets', 180),
(14, 'Insulating Tape', 190),
(15, 'Conductive Gel', 50),
(16, 'Circuit Board', 60),
(17, 'LED Light', 70),
(18, 'Switch Set', 80),
(19, 'Metal Frame', 90),
(20, 'Copper Wire', 100),
(21, 'Plastic Casing', 110),
(22, 'Screw Set', 120),
(23, 'Mounting Brackets', 130),
(24, 'Insulating Tape', 140),
(25, 'Conductive Gel', 150),
(26, 'Circuit Board', 160),
(27, 'LED Light', 170),
(28, 'Switch Set', 180),
(29, 'Metal Frame', 190),
(30, 'Copper Wire', 50),
(31, 'Plastic Casing', 60),
(32, 'Screw Set', 70),
(33, 'Mounting Brackets', 80),
(34, 'Insulating Tape', 90),
(35, 'Conductive Gel', 100),
(36, 'Circuit Board', 110),
(37, 'LED Light', 120),
(38, 'Switch Set', 130),
(39, 'Metal Frame', 140),
(40, 'Copper Wire', 150),
(41, 'Plastic Casing', 160),
(42, 'Screw Set', 170),
(43, 'Mounting Brackets', 180),
(44, 'Insulating Tape', 190),
(45, 'Conductive Gel', 50),
(46, 'Circuit Board', 60),
(47, 'LED Light', 70),
(48, 'Switch Set', 80),
(49, 'Metal Frame', 90),
(50, 'Copper Wire', 100),
(51, 'Plastic Casing', 110),
(52, 'Screw Set', 120),
(53, 'Mounting Brackets', 130),
(54, 'Insulating Tape', 140),
(55, 'Conductive Gel', 150),
(56, 'Circuit Board', 160),
(57, 'LED Light', 170),
(58, 'Switch Set', 180),
(59, 'Metal Frame', 190),
(60, 'Copper Wire', 50),
(61, 'Plastic Casing', 60),
(62, 'Screw Set', 70),
(63, 'Mounting Brackets', 80),
(64, 'Insulating Tape', 90),
(65, 'Conductive Gel', 100),
(66, 'Circuit Board', 110),
(67, 'LED Light', 120),
(68, 'Switch Set', 130),
(69, 'Metal Frame', 140),
(70, 'Copper Wire', 150),
(71, 'Plastic Casing', 160),
(72, 'Screw Set', 170),
(73, 'Mounting Brackets', 180),
(74, 'Insulating Tape', 190),
(75, 'Conductive Gel', 50),
(76, 'Circuit Board', 60),
(77, 'LED Light', 70),
(78, 'Switch Set', 80),
(79, 'Metal Frame', 90),
(80, 'Copper Wire', 100),
(81, 'Plastic Casing', 110),
(82, 'Screw Set', 120),
(83, 'Mounting Brackets', 130),
(84, 'Insulating Tape', 140),
(85, 'Conductive Gel', 150),
(86, 'Circuit Board', 160),
(87, 'LED Light', 170),
(88, 'Switch Set', 180),
(89, 'Metal Frame', 190),
(90, 'Copper Wire', 50),
(91, 'Plastic Casing', 60),
(92, 'Screw Set', 70),
(93, 'Mounting Brackets', 80),
(94, 'Insulating Tape', 90),
(95, 'Conductive Gel', 100),
(96, 'Circuit Board', 110),
(97, 'LED Light', 120),
(98, 'Switch Set', 130),
(99, 'Metal Frame', 140),
(100, 'Copper Wire', 150);

-- 10 models
INSERT INTO model (machine_id, quantity, used, created_at) VALUES
(1, 1, 0, CURRENT_TIMESTAMP),
(2, 2, 0, CURRENT_TIMESTAMP),
(3, 3, 0, CURRENT_TIMESTAMP),
(4, 2, 1, CURRENT_TIMESTAMP),
(5, 1, 0, CURRENT_TIMESTAMP),
(6, 2, 0, CURRENT_TIMESTAMP),
(7, 3, 0, CURRENT_TIMESTAMP),
(8, 2, 1, CURRENT_TIMESTAMP),
(9, 1, 0, CURRENT_TIMESTAMP),
(10, 2, 0, CURRENT_TIMESTAMP);

-- 10 products
INSERT INTO product (product_name, model_id, created_at, product_type, price, quantity) VALUES
('product_1', 1, CURRENT_TIMESTAMP, 'pcb', 100, 10000),
('product_2', 2, CURRENT_TIMESTAMP, 'customized', 110, 10000),
('product_3', 3, CURRENT_TIMESTAMP, 'grid', 120, 12000),
('product_4', 4, CURRENT_TIMESTAMP, 'pcb', 150, 8000),
('product_5', 5, CURRENT_TIMESTAMP, 'rail', 120, 11000),
('product_6', 6, CURRENT_TIMESTAMP, 'pcb', 100, 10000),
('product_7', 7, CURRENT_TIMESTAMP, 'customized', 110, 10000),
('product_8', 8, CURRENT_TIMESTAMP, 'grid', 120, 12000),
('product_9', 9, CURRENT_TIMESTAMP, 'pcb', 150, 8000),
('product_10', 10, CURRENT_TIMESTAMP, 'rail', 120, 11000);

-- -- 16 sales
-- INSERT INTO sales (product_id, sales_date, saled_quantity) VALUES
-- (1, '2023/01/01', 700),
-- (1, '2023/02/01', 900),
-- (1, '2023/03/01', 1000),
-- (1, '2023/04/01', 900),
-- (1, '2023/05/01', 700),
-- (1, '2023/06/01', 950),
-- (1, '2023/07/01', 1000),
-- (1, '2023/08/01', 900),
-- (1, '2023/09/01', 700),
-- (1, '2023/10/01', 900),
-- (1, '2023/11/01', 1075),
-- (1, '2023/12/01', 800),
-- (2, '2023/02/01', 1200),
-- (3, '2023/03/01', 1300),
-- (4, '2023/04/01', 1200),
-- (5, '2023/05/01', 1100);

-- 9
INSERT INTO required_product (produced_pid, required_pid, quantity) VALUES
(1, 2, 100),
(1, 5, 100),
(4, 3, 100),
(2, 3, 100),
(6, 2, 100),
(7, 5, 100),
(8, 3, 100),
(9, 2, 100),
(10, 5, 100);

INSERT INTO required_material (product_id, material_id, quantity) VALUES
(1, 1, 100),
(1, 2, 100),
(4, 3, 100),
(2, 4, 100),
(5, 5, 10),
(6, 6, 100),
(7, 7, 100),
(8, 8, 100),
(9, 9, 100),
(10, 10, 100);

INSERT INTO order_contain_product (order_id, product_id, quantity) VALUES
(1, 1, 100),
(1, 2, 100),
(2, 4, 100),
(3, 5, 100);

-- 3 material orders
INSERT INTO material_order (supplier_id, price, created_at, progress) VALUES
(1, 100, CURRENT_TIMESTAMP, '{"stage 1": "recieved 0 kg", "stage 2": "recieved 10 kg", "stage 3": "recieved 5 kg, order completed"}'),
(2, 100, CURRENT_TIMESTAMP, '{"stage 1": "recieved 0 kg", "stage 2": "recieved 12 kg", "stage 3": "recieved 3 kg", "stage 4": "recieved 5 kg, order completed"}'),
(1, 200, CURRENT_TIMESTAMP, '{"stage 1": "recieved 0 kg", "stage 2": "recieved 5 kg", "stage 3": "recieved 5 kg", "stage 4": "recieved 5 kg", "stage 5": "recieved 5 kg, order completed"}');

INSERT INTO order_contain_material (material_order_id, material_id, quantity) VALUES
(1, 1, 100),
(1, 2, 100),
(2, 4, 100),
(3, 5, 100);


INSERT INTO client_revenue (client_id, revenue) VALUES
(1, '{  
        "Jan-2023": 87.01,
        "Feb-2023": 91.60,
        "Mar-2023": 99.23,
        "Apr-2023": 102.27,
        "May-2023": 104.73,
        "Jun-2023": 107.09,
        "Jul-2023": 110.46,
        "Aug-2023": 117.63,
        "Sep-2023": 117.52,
        "Oct-2023": 115.18,
        "Nov-2023": 100.39,
        "Dec-2023": 94.56
    }');

INSERT INTO average_purchase_interval (client_id, avg_purchase_interval) VALUES
(1, '{
        "Jan-2023": 10,
        "Feb-2023": 12,
        "Mar-2023": 13,
        "Apr-2023": 12,
        "May-2023": 11,
        "Jun-2023": 11,
        "Jul-2023": 9,
        "Aug-2023": 8,
        "Sep-2023": 8,
        "Oct-2023": 7,
        "Nov-2023": 9,
        "Dec-2023": 10
    }');


INSERT INTO product_inventory_consumption (product_id, consumed_date, consumed_quantity, is_forcast) VALUES
(1, '2021-01-01', 70.16, false),
(1, '2021-02-01', 73.32, false),
(1, '2021-03-01', 80.91, false),
(1, '2021-04-01', 86.04, false),
(1, '2021-05-01', 87.93, false),
(1, '2021-06-01', 90.24, false),
(1, '2021-07-01', 95.16, false),
(1, '2021-08-01', 101.10, false),
(1, '2021-09-01', 99.57, false),
(1, '2021-10-01', 97.81, false),
(1, '2021-11-01', 83.84, false),
(1, '2021-12-01', 77.96, false),
(1, '2022-01-01', 78.63, false),
(1, '2022-02-01', 83.40, false),
(1, '2022-03-01', 91.04, false),
(1, '2022-04-01', 93.83, false),
(1, '2022-05-01', 96.37, false),
(1, '2022-06-01', 98.75, false),
(1, '2022-07-01', 100.63, false),
(1, '2022-08-01', 108.96, false),
(1, '2022-09-01', 110.18, false),
(1, '2022-10-01', 107.31, false),
(1, '2022-11-01', 91.73, false),
(1, '2022-12-01', 84.85, false),
(1, '2023-01-01', 87.01, true),
(1, '2023-02-01', 91.60, true),
(1, '2023-03-01', 99.23, true),
(1, '2023-04-01', 102.27, true),
(1, '2023-05-01', 104.73, true),
(1, '2023-06-01', 107.09, true),
(1, '2023-07-01', 110.46, true),
(1, '2023-08-01', 117.63, true),
(1, '2023-09-01', 117.52, true),
(1, '2023-10-01', 115.18, true),
(1, '2023-11-01', 100.39, true),
(1, '2023-12-01', 94.56, true);



INSERT INTO material_inventory_consumption (material_id, consumed_date, consumed_quantity, is_forcast) VALUES
(1, '2021-01-01', 70.16, false),
(1, '2021-02-01', 73.32, false),
(1, '2021-03-01', 80.91, false),
(1, '2021-04-01', 86.04, false),
(1, '2021-05-01', 87.93, false),
(1, '2021-06-01', 90.24, false),
(1, '2021-07-01', 95.16, false),
(1, '2021-08-01', 101.10, false),
(1, '2021-09-01', 99.57, false),
(1, '2021-10-01', 97.81, false),
(1, '2021-11-01', 83.84, false),
(1, '2021-12-01', 77.96, false),
(1, '2022-01-01', 78.63, false),
(1, '2022-02-01', 83.40, false),
(1, '2022-03-01', 91.04, false),
(1, '2022-04-01', 93.83, false),
(1, '2022-05-01', 96.37, false),
(1, '2022-06-01', 98.75, false),
(1, '2022-07-01', 100.63, false),
(1, '2022-08-01', 108.96, false),
(1, '2022-09-01', 110.18, false),
(1, '2022-10-01', 107.31, false),
(1, '2022-11-01', 91.73, false),
(1, '2022-12-01', 84.85, false),
(1, '2023-01-01', 87.01, true),
(1, '2023-02-01', 91.60, true),
(1, '2023-03-01', 99.23, true),
(1, '2023-04-01', 102.27, true),
(1, '2023-05-01', 104.73, true),
(1, '2023-06-01', 107.09, true),
(1, '2023-07-01', 110.46, true),
(1, '2023-08-01', 117.63, true),
(1, '2023-09-01', 117.52, true),
(1, '2023-10-01', 115.18, true),
(1, '2023-11-01', 100.39, true),
(1, '2023-12-01', 94.56, true);










